x, y, head, bump, ifr, batt
34, 28, -90.0, 0, 0, 1000.0
33, 28, -265.3, 0, 0, 998.5
33, 28, -265.3, 1, 0, 997.5
32, 28, -229.1, 0, 0, 996.0
32, 28, -229.1, 1, 0, 995.5
32, 28, 12.8, 0, 0, 994.0
33, 28, 12.8, 0, 0, 992.6
34, 28, 12.8, 0, 0, 991.2
35, 28, 12.8, 0, 0, 989.8
35, 28, 12.8, 1, 0, 988.5
35, 28, 75.2, 0, 0, 987.0
35, 28, 75.2, 1, 0, 986.5
35, 28, 44.8, 0, 0, 985.0
35, 28, 44.8, 1, 0, 984.5
35, 27, 347.4, 0, 3, 983.0
35, 27, 347.4, 0, 2, 982.5
35, 27, 347.4, 0, 1, 982.0
35, 27, 347.4, 0, 0, 981.5
36, 27, 0.0, 0, 0, 980.4
36, 28, 90.0, 0, 0, 978.9
35, 28, 180.0, 0, 0, 977.4
35, 27, 270.0, 0, 0, 975.9
36, 27, 0.0, 0, 0, 974.4
36, 28, 90.0, 0, 0, 972.9
36, 28, 90.0, 1, 0, 971.5
35, 28, 180.0, 0, 0, 970.0
34, 28, 180.0, 0, 0, 968.6
34, 27, 270.0, 0, 0, 967.1
34, 26, 270.0, 0, 0, 965.7
35, 26, 0.0, 0, 0, 964.2
36, 26, 0.0, 0, 0, 962.8
36, 27, 90.0, 0, 0, 961.3
36, 28, 90.0, 0, 0, 959.9
35, 28, 180.0, 0, 0, 958.4
34, 28, 180.0, 0, 0, 957.0
33, 28, 180.0, 0, 0, 955.6
33, 27, 270.0, 0, 3, 954.1
33, 27, 270.0, 0, 2, 953.6
33, 27, 270.0, 0, 1, 953.1
33, 27, 270.0, 0, 0, 952.6
33, 26, 270.0, 0, 0, 951.2
33, 25, 270.0, 0, 0, 949.8
34, 25, 0.0, 0, 0, 948.3
35, 25, 0.0, 0, 0, 946.9
36, 25, 0.0, 0, 0, 945.5
36, 26, 90.0, 0, 0, 944.0
36, 27, 90.0, 0, 0, 942.6
36, 28, 90.0, 0, 0, 941.2
35, 28, 180.0, 0, 0, 939.7
34, 28, 180.0, 0, 0, 938.3
33, 28, 180.0, 0, 0, 936.9
33, 27, 270.0, 0, 0, 935.4
33, 26, 270.0, 0, 0, 934.0
33, 25, 270.0, 0, 0, 932.6
33, 24, 270.0, 0, 0, 931.2
34, 24, 0.0, 0, 0, 929.7
35, 24, 0.0, 0, 0, 928.3
36, 24, 0.0, 0, 0, 926.9
37, 24, 0.0, 0, 0, 925.5
37, 25, 90.0, 0, 0, 924.0
37, 26, 90.0, 0, 0, 922.6
37, 27, 90.0, 0, 0, 921.2
37, 28, 90.0, 0, 0, 919.8
36, 28, 180.0, 0, 0, 918.3
35, 28, 180.0, 0, 0, 916.9
34, 28, 180.0, 0, 0, 915.5
33, 28, 180.0, 0, 0, 914.1
33, 27, 270.0, 0, 0, 912.6
33, 26, 270.0, 0, 0, 911.2
33, 25, 270.0, 0, 0, 909.8
33, 24, 270.0, 0, 0, 908.4
33, 24, 39.1, 0, 0, 906.8
34, 25, 39.1, 0, 0, 905.4
35, 25, 39.1, 0, 0, 904.0
36, 26, 39.1, 0, 0, 902.6
36, 27, 39.1, 0, 0, 901.2
37, 27, 39.1, 0, 0, 899.8
38, 28, 39.1, 0, 0, 898.4
38, 28, 39.1, 1, 0, 897.5
38, 27, 277.9, 0, 0, 896.0
38, 26, 277.9, 0, 0, 894.6
38, 25, 277.9, 0, 0, 893.2
38, 24, 277.9, 0, 0, 891.8
38, 23, 277.9, 0, 0, 890.4
38, 22, 277.9, 0, 0, 889.0
38, 22, 277.9, 1, 0, 887.5
37, 22, 158.5, 0, 0, 886.0
36, 22, 158.5, 0, 0, 884.6
35, 23, 158.5, 0, 0, 883.2
34, 23, 158.5, 0, 0, 881.8
33, 23, 158.5, 0, 0, 880.4
32, 24, 158.5, 0, 0, 879.0
31, 24, 158.5, 0, 0, 877.6
30, 24, 158.5, 0, 0, 876.2
29, 25, 158.5, 0, 0, 874.8
28, 25, 158.5, 0, 0, 873.4
27, 26, 158.5, 0, 0, 872.0
26, 26, 158.5, 0, 0, 870.6
25, 26, 158.5, 0, 0, 869.2
24, 27, 158.5, 0, 0, 867.8
24, 27, 158.5, 0, 0, 866.4
23, 27, 158.5, 0, 0, 865.0
22, 28, 158.5, 0, 0, 863.6
21, 28, 158.5, 0, 0, 862.2
20, 28, 158.5, 0, 0, 860.8
20, 28, 158.5, 1, 0, 859.5
20, 28, 198.3, 1, 0, 858.5
20, 27, 329.6, 0, 1, 857.0
20, 27, 329.6, 0, 0, 856.5
21, 27, 0.0, 0, 0, 855.4
21, 28, 90.0, 0, 0, 853.9
20, 28, 180.0, 0, 0, 852.4
20, 27, 270.0, 0, 0, 850.9
21, 27, 0.0, 0, 0, 849.4
21, 28, 90.0, 0, 0, 847.9
21, 28, 90.0, 1, 0, 846.5
20, 28, 180.0, 0, 0, 845.0
20, 28, 180.0, 1, 0, 844.5
20, 27, 270.0, 0, 0, 843.0
20, 26, 270.0, 0, 0, 841.6
21, 26, 0.0, 0, 0, 840.1
22, 26, 0.0, 0, 4, 838.7
22, 26, 90.0, 0, 3, 838.1
22, 26, 90.0, 0, 2, 837.6
22, 26, 90.0, 0, 1, 837.1
22, 26, 90.0, 0, 0, 836.6
22, 27, 90.0, 0, 0, 835.2
22, 28, 90.0, 0, 0, 833.8
21, 28, 180.0, 0, 0, 832.3
20, 28, 180.0, 0, 0, 830.9
20, 28, 180.0, 1, 0, 829.5
20, 27, 270.0, 0, 0, 828.0
20, 26, 270.0, 0, 0, 826.6
20, 25, 270.0, 0, 0, 825.2
21, 25, 0.0, 0, 0, 823.7
22, 25, 0.0, 0, 0, 822.3
23, 25, 0.0, 0, 0, 820.9
23, 26, 90.0, 0, 0, 819.4
23, 27, 90.0, 0, 0, 818.0
23, 28, 90.0, 0, 0, 816.6
22, 28, 180.0, 0, 0, 815.1
21, 28, 180.0, 0, 0, 813.7
20, 28, 180.0, 0, 0, 812.3
20, 27, 270.0, 0, 0, 810.8
20, 26, 270.0, 0, 0, 809.4
20, 25, 270.0, 0, 0, 808.0
20, 24, 270.0, 0, 0, 806.6
21, 24, 0.0, 0, 0, 805.1
22, 24, 0.0, 0, 0, 803.7
23, 24, 0.0, 0, 0, 802.3
24, 24, 0.0, 0, 0, 800.9
24, 25, 90.0, 0, 0, 799.4
24, 26, 90.0, 0, 0, 798.0
24, 27, 90.0, 0, 0, 796.6
24, 28, 90.0, 0, 0, 795.2
23, 28, 180.0, 0, 0, 793.7
22, 28, 180.0, 0, 0, 792.3
21, 28, 180.0, 0, 0, 790.9
20, 28, 180.0, 0, 0, 789.5
20, 27, 270.0, 0, 0, 788.0
20, 26, 270.0, 0, 0, 786.6
20, 25, 270.0, 0, 0, 785.2
20, 24, 270.0, 0, 0, 783.8
20, 24, 3.8, 0, 0, 782.2
21, 24, 3.8, 0, 0, 780.8
22, 24, 3.8, 0, 0, 779.4
23, 24, 3.8, 0, 0, 778.0
24, 24, 3.8, 0, 0, 776.6
25, 24, 3.8, 0, 0, 775.2
26, 24, 3.8, 0, 0, 773.8
27, 24, 3.8, 0, 0, 772.4
28, 24, 3.8, 0, 0, 771.0
29, 24, 3.8, 0, 0, 769.6
30, 24, 3.8, 0, 0, 768.2
31, 24, 3.8, 0, 0, 766.8
32, 24, 3.8, 0, 0, 765.4
33, 24, 3.8, 0, 0, 764.0
34, 24, 3.8, 0, 0, 762.6
35, 25, 3.8, 0, 0, 761.2
36, 25, 3.8, 0, 0, 759.8
37, 25, 3.8, 0, 0, 758.4
38, 25, 3.8, 0, 0, 757.0
39, 25, 3.8, 0, 0, 755.6
40, 25, 3.8, 0, 0, 754.2
41, 25, 3.8, 0, 0, 752.8
42, 25, 3.8, 0, 0, 751.4
43, 25, 3.8, 0, 0, 750.0
44, 25, 3.8, 0, 0, 748.6
45, 25, 3.8, 0, 0, 747.2
46, 25, 3.8, 0, 0, 745.8
47, 25, 3.8, 0, 0, 744.4
48, 25, 3.8, 0, 0, 743.0
48, 25, 3.8, 1, 0, 741.5
48, 24, 300.3, 0, 0, 740.0
48, 24, 300.3, 1, 0, 739.5
48, 23, 314.0, 0, 0, 738.0
48, 23, 314.0, 1, 0, 737.5
48, 22, 289.7, 0, 0, 736.0
48, 21, 289.7, 0, 1, 734.6
48, 21, 289.7, 0, 0, 734.1
48, 21, 0.0, 1, 0, 733.5
48, 22, 90.0, 0, 0, 732.0
47, 22, 180.0, 0, 0, 730.5
47, 21, 270.0, 0, 0, 729.0
48, 21, 0.0, 0, 0, 727.5
48, 22, 90.0, 0, 0, 726.0
48, 23, 90.0, 0, 0, 724.6
47, 23, 180.0, 0, 0, 723.1
46, 23, 180.0, 0, 0, 721.7
46, 22, 270.0, 0, 0, 720.2
46, 21, 270.0, 0, 1, 718.8
46, 21, 0.0, 0, 0, 718.2
47, 21, 0.0, 0, 0, 716.8
48, 21, 0.0, 0, 0, 715.4
48, 22, 90.0, 0, 0, 713.9
48, 23, 90.0, 0, 0, 712.5
47, 23, 180.0, 0, 0, 711.0
46, 23, 180.0, 0, 0, 709.6
45, 23, 180.0, 0, 0, 708.2
45, 22, 270.0, 0, 0, 706.7
45, 21, 270.0, 0, 0, 705.3
45, 20, 270.0, 0, 0, 703.9
46, 20, 0.0, 0, 0, 702.4
47, 20, 0.0, 0, 0, 701.0
48, 20, 0.0, 0, 3, 699.6
48, 20, 90.0, 0, 2, 699.0
48, 20, 90.0, 0, 1, 698.5
48, 20, 90.0, 0, 0, 698.0
48, 21, 90.0, 0, 0, 696.6
48, 22, 90.0, 0, 0, 695.2
48, 23, 90.0, 0, 0, 693.8
47, 23, 180.0, 0, 0, 692.3
46, 23, 180.0, 0, 0, 690.9
45, 23, 180.0, 0, 0, 689.5
45, 22, 270.0, 0, 0, 688.0
45, 21, 270.0, 0, 0, 686.6
45, 20, 270.0, 0, 0, 685.2
45, 19, 270.0, 0, 0, 683.8
46, 19, 0.0, 0, 0, 682.3
47, 19, 0.0, 0, 0, 680.9
48, 19, 0.0, 0, 0, 679.5
48, 19, 0.0, 1, 0, 678.5
48, 20, 90.0, 0, 0, 677.0
48, 21, 90.0, 0, 0, 675.6
48, 22, 90.0, 0, 0, 674.2
48, 23, 90.0, 0, 0, 672.8
47, 22, 180.0, 0, 0, 671.3
46, 22, 180.0, 0, 0, 669.9
45, 22, 180.0, 0, 0, 668.5
44, 22, 180.0, 0, 1, 667.1
44, 22, 270.0, 0, 0, 666.5
44, 21, 270.0, 0, 0, 665.1
44, 20, 270.0, 0, 0, 663.7
44, 19, 270.0, 0, 0, 662.3
44, 18, 270.0, 0, 0, 660.9
44, 19, 32.4, 0, 0, 659.3
45, 20, 32.4, 0, 0, 657.9
46, 20, 32.4, 0, 0, 656.5
47, 21, 32.4, 0, 0, 655.1
48, 21, 32.4, 0, 0, 653.7
48, 21, 32.4, 1, 0, 652.5
48, 21, 22.6, 0, 0, 651.0
48, 21, 22.6, 1, 0, 650.5
47, 21, 159.4, 0, 0, 649.0
46, 21, 159.4, 0, 0, 647.6
45, 22, 159.4, 0, 0, 646.2
44, 22, 159.4, 0, 0, 644.8
43, 22, 159.4, 0, 0, 643.4
42, 23, 159.4, 0, 0, 642.0
41, 23, 159.4, 0, 0, 640.6
40, 23, 159.4, 0, 0, 639.2
39, 24, 159.4, 0, 0, 637.8
38, 24, 159.4, 0, 0, 636.4
37, 24, 159.4, 0, 0, 635.0
36, 25, 159.4, 0, 0, 633.6
35, 25, 159.4, 0, 0, 632.2
34, 25, 159.4, 0, 0, 630.8
33, 26, 159.4, 0, 0, 629.4
33, 26, 159.4, 0, 0, 628.0
32, 26, 159.4, 0, 0, 626.6
31, 27, 159.4, 0, 0, 625.2
30, 27, 159.4, 0, 0, 623.8
29, 28, 159.4, 0, 0, 622.4
28, 28, 159.4, 0, 4, 621.0
28, 28, 159.4, 0, 3, 620.5
28, 28, 159.4, 0, 2, 620.0
28, 28, 159.4, 0, 1, 619.5
28, 28, 159.4, 0, 0, 619.0
29, 28, 0.0, 0, 0, 617.9
29, 28, 90.0, 1, 0, 616.5
28, 28, 180.0, 0, 0, 615.0
28, 27, 270.0, 0, 0, 613.5
29, 27, 0.0, 0, 0, 612.0
29, 28, 90.0, 0, 0, 610.5
29, 28, 90.0, 1, 0, 609.5
28, 28, 180.0, 0, 0, 608.0
27, 28, 180.0, 0, 0, 606.6
27, 27, 270.0, 0, 0, 605.1
27, 26, 270.0, 0, 0, 603.7
28, 26, 0.0, 0, 0, 602.2
29, 26, 0.0, 0, 0, 600.8
29, 27, 90.0, 0, 0, 599.3
29, 28, 90.0, 0, 0, 597.9
28, 28, 180.0, 0, 0, 596.4
27, 28, 180.0, 0, 0, 595.0
26, 28, 180.0, 0, 1, 593.6
26, 28, 270.0, 0, 0, 593.0
26, 27, 270.0, 0, 0, 591.6
26, 26, 270.0, 0, 0, 590.2
26, 25, 270.0, 0, 0, 588.8
27, 25, 0.0, 0, 0, 587.3
28, 25, 0.0, 0, 0, 585.9
29, 25, 0.0, 0, 0, 584.5
29, 26, 90.0, 0, 0, 583.0
29, 27, 90.0, 0, 0, 581.6
29, 28, 90.0, 0, 0, 580.2
28, 28, 180.0, 0, 0, 578.7
27, 28, 180.0, 0, 0, 577.3
26, 28, 180.0, 0, 0, 575.9
26, 27, 270.0, 0, 0, 574.4
26, 26, 270.0, 0, 0, 573.0
26, 25, 270.0, 0, 0, 571.6
26, 24, 270.0, 0, 0, 570.2
27, 24, 0.0, 0, 0, 568.7
28, 24, 0.0, 0, 0, 567.3
29, 24, 0.0, 0, 0, 565.9
30, 24, 0.0, 0, 0, 564.5
30, 25, 90.0, 0, 0, 563.0
30, 26, 90.0, 0, 0, 561.6
30, 27, 90.0, 0, 0, 560.2
30, 28, 90.0, 0, 0, 558.8
29, 28, 180.0, 0, 0, 557.3
28, 28, 180.0, 0, 0, 555.9
27, 28, 180.0, 0, 0, 554.5
26, 28, 180.0, 0, 0, 553.1
26, 27, 270.0, 0, 0, 551.6
26, 26, 270.0, 0, 0, 550.2
26, 25, 270.0, 0, 0, 548.8
26, 24, 270.0, 0, 0, 547.4
26, 24, 8.0, 0, 0, 545.8
27, 24, 8.0, 0, 0, 544.4
28, 24, 8.0, 0, 0, 543.0
29, 24, 8.0, 0, 0, 541.6
30, 24, 8.0, 0, 0, 540.2
31, 24, 8.0, 0, 0, 538.8
32, 24, 8.0, 0, 0, 537.4
33, 25, 8.0, 0, 0, 536.0
34, 25, 8.0, 0, 0, 534.6
35, 25, 8.0, 0, 0, 533.2
36, 25, 8.0, 0, 0, 531.8
37, 25, 8.0, 0, 0, 530.4
38, 25, 8.0, 0, 0, 529.0
39, 25, 8.0, 0, 0, 527.6
40, 26, 8.0, 0, 0, 526.2
41, 26, 8.0, 0, 0, 524.8
42, 26, 8.0, 0, 0, 523.4
43, 26, 8.0, 0, 0, 522.0
44, 26, 8.0, 0, 0, 520.6
45, 26, 8.0, 0, 0, 519.2
46, 26, 8.0, 0, 0, 517.8
47, 27, 8.0, 0, 0, 516.4
48, 27, 8.0, 0, 0, 515.0
48, 27, 8.0, 1, 0, 513.5
48, 26, 299.8, 0, 0, 512.0
48, 25, 299.8, 0, 0, 510.6
48, 25, 299.8, 1, 0, 509.5
48, 25, 78.4, 0, 0, 508.0
48, 26, 78.4, 0, 0, 506.6
48, 27, 78.4, 0, 0, 505.2
48, 28, 78.4, 0, 0, 503.8
48, 28, 78.4, 1, 0, 502.5
47, 28, 99.4, 0, 0, 501.0
47, 28, 99.4, 1, 0, 500.5
47, 28, 38.2, 0, 0, 499.0
47, 28, 38.2, 1, 0, 498.5
47, 27, 341.8, 0, 0, 497.0
48, 27, 341.8, 0, 0, 495.6
48, 27, 341.8, 1, 0, 494.5
47, 27, 139.3, 0, 0, 493.0
46, 28, 139.3, 0, 0, 491.6
45, 28, 139.3, 0, 0, 490.2
45, 28, 139.3, 1, 0, 489.5
45, 28, 73.3, 0, 0, 488.0
45, 28, 73.3, 1, 0, 487.5
44, 28, 117.7, 0, 0, 486.0
44, 28, 117.7, 1, 0, 485.5
44, 28, 9.9, 0, 0, 484.0
45, 28, 9.9, 0, 0, 482.6
46, 28, 9.9, 0, 0, 481.2
47, 28, 9.9, 0, 0, 479.8
48, 28, 9.9, 0, 0, 478.4
48, 28, 9.9, 1, 0, 477.5
48, 28, 87.8, 0, 0, 476.0
48, 28, 87.8, 1, 0, 475.5
48, 27, 290.3, 0, 0, 474.0
48, 26, 290.3, 0, 0, 472.6
48, 26, 290.3, 1, 0, 471.5
47, 26, 151.2, 0, 0, 470.0
46, 26, 151.2, 0, 0, 468.6
45, 27, 151.2, 0, 4, 467.2
45, 27, 151.2, 0, 3, 466.7
45, 27, 151.2, 0, 2, 466.2
45, 27, 151.2, 0, 1, 465.7
45, 27, 151.2, 0, 0, 465.2
46, 27, 0.0, 0, 5, 464.1
46, 27, 90.0, 0, 4, 463.5
46, 27, 90.0, 0, 3, 463.0
46, 27, 90.0, 0, 2, 462.5
46, 27, 90.0, 0, 1, 462.0
46, 27, 90.0, 0, 0, 461.5
46, 28, 90.0, 0, 0, 460.1
45, 28, 180.0, 0, 0, 458.6
45, 27, 270.0, 0, 0, 457.1
46, 27, 0.0, 0, 0, 455.6
46, 28, 90.0, 0, 0, 454.1
46, 28, 90.0, 1, 0, 453.5
45, 28, 180.0, 0, 0, 452.0
44, 28, 180.0, 0, 0, 450.6
44, 27, 270.0, 0, 0, 449.1
44, 26, 270.0, 0, 0, 447.7
45, 26, 0.0, 0, 0, 446.2
46, 26, 0.0, 0, 0, 444.8
46, 27, 90.0, 0, 0, 443.3
46, 28, 90.0, 0, 0, 441.9
45, 28, 180.0, 0, 0, 440.4
44, 28, 180.0, 0, 0, 439.0
43, 28, 180.0, 0, 0, 437.6
43, 27, 270.0, 0, 3, 436.1
43, 27, 270.0, 0, 2, 435.6
43, 27, 270.0, 0, 1, 435.1
43, 27, 270.0, 0, 0, 434.6
43, 26, 270.0, 0, 0, 433.2
43, 25, 270.0, 0, 0, 431.8
44, 25, 0.0, 0, 0, 430.3
45, 25, 0.0, 0, 0, 428.9
46, 25, 0.0, 0, 0, 427.5
46, 26, 90.0, 0, 0, 426.0
46, 27, 90.0, 0, 0, 424.6
46, 28, 90.0, 0, 0, 423.2
45, 28, 180.0, 0, 0, 421.7
44, 28, 180.0, 0, 0, 420.3
43, 28, 180.0, 0, 0, 418.9
43, 27, 270.0, 0, 0, 417.4
43, 26, 270.0, 0, 0, 416.0
43, 25, 270.0, 0, 0, 414.6
43, 24, 270.0, 0, 0, 413.2
44, 24, 0.0, 0, 0, 411.7
45, 24, 0.0, 0, 1, 410.3
45, 24, 0.0, 0, 0, 409.8
46, 24, 0.0, 0, 0, 408.4
47, 24, 0.0, 0, 3, 407.0
47, 24, 90.0, 0, 2, 406.4
47, 24, 90.0, 0, 1, 405.9
47, 24, 90.0, 0, 0, 405.4
47, 25, 90.0, 0, 0, 404.0
47, 26, 90.0, 0, 0, 402.6
47, 27, 90.0, 0, 0, 401.2
47, 28, 90.0, 0, 0, 399.8
46, 28, 180.0, 0, 0, 398.3
45, 28, 180.0, 0, 0, 396.9
44, 28, 180.0, 0, 0, 395.5
43, 28, 180.0, 0, 0, 394.1
43, 27, 270.0, 0, 0, 392.6
43, 26, 270.0, 0, 0, 391.2
43, 25, 270.0, 0, 0, 389.8
43, 24, 270.0, 0, 0, 388.4
43, 24, 87.3, 0, 0, 386.8
43, 25, 87.3, 0, 0, 385.4
43, 26, 87.3, 0, 0, 384.0
43, 27, 87.3, 0, 0, 382.6
43, 28, 87.3, 0, 0, 381.2
43, 28, 87.3, 1, 0, 380.5
43, 27, 326.0, 0, 0, 379.0
44, 26, 326.0, 0, 0, 377.6
45, 26, 326.0, 0, 0, 376.2
46, 25, 326.0, 0, 0, 374.8
47, 25, 326.0, 0, 0, 373.4
47, 24, 326.0, 0, 0, 372.0
48, 24, 326.0, 0, 0, 370.6
48, 24, 326.0, 1, 0, 369.5
48, 24, 68.8, 0, 0, 368.0
48, 25, 68.8, 0, 0, 366.6
48, 25, 68.8, 1, 0, 365.5
47, 24, 218.5, 0, 0, 364.0
46, 23, 218.5, 0, 0, 362.6
45, 23, 218.5, 0, 0, 361.2
44, 22, 218.5, 0, 0, 359.8
44, 21, 218.5, 0, 0, 358.4
43, 21, 218.5, 0, 0, 357.0
42, 20, 218.5, 0, 0, 355.6
41, 20, 218.5, 0, 0, 354.2
40, 19, 218.5, 0, 0, 352.8
40, 18, 218.5, 0, 0, 351.4
39, 18, 218.5, 0, 0, 350.0
39, 18, 218.5, 1, 0, 349.5
39, 18, 66.9, 0, 0, 348.0
39, 19, 66.9, 0, 0, 346.6
40, 20, 66.9, 0, 0, 345.2
40, 21, 66.9, 0, 0, 343.8
40, 22, 66.9, 0, 0, 342.4
41, 23, 66.9, 0, 0, 341.0
41, 24, 66.9, 0, 0, 339.6
42, 25, 66.9, 0, 0, 338.2
42, 26, 66.9, 0, 0, 336.8
42, 27, 66.9, 0, 0, 335.4
43, 28, 66.9, 0, 0, 334.0
43, 28, 66.9, 1, 0, 333.5
42, 28, 112.3, 0, 0, 332.0
42, 28, 112.3, 1, 0, 331.5
42, 27, 301.0, 0, 0, 330.0
43, 26, 301.0, 0, 0, 328.6
43, 25, 301.0, 0, 0, 327.2
44, 24, 301.0, 0, 0, 325.8
44, 23, 301.0, 0, 3, 324.4
44, 23, 301.0, 0, 2, 323.9
44, 23, 301.0, 0, 1, 323.4
44, 23, 301.0, 0, 0, 322.9
45, 23, 0.0, 0, 0, 321.8
45, 24, 90.0, 0, 0, 320.3
44, 24, 180.0, 0, 0, 318.8
44, 23, 270.0, 0, 0, 317.3
45, 23, 0.0, 0, 0, 315.8
45, 24, 90.0, 0, 0, 314.3
45, 25, 90.0, 0, 0, 312.9
44, 25, 180.0, 0, 0, 311.4
43, 25, 180.0, 0, 0, 310.0
43, 24, 270.0, 0, 0, 308.5
43, 23, 270.0, 0, 0, 307.1
44, 23, 0.0, 0, 0, 305.6
45, 23, 0.0, 0, 0, 304.2
45, 24, 90.0, 0, 0, 302.7
45, 25, 90.0, 0, 0, 301.3
44, 25, 180.0, 0, 0, 299.8
43, 25, 180.0, 0, 0, 298.4
42, 25, 180.0, 0, 0, 297.0
42, 24, 270.0, 0, 3, 295.5
42, 24, 270.0, 0, 2, 295.0
42, 24, 270.0, 0, 1, 294.5
42, 24, 270.0, 0, 0, 294.0
42, 23, 270.0, 0, 0, 292.6
42, 22, 270.0, 0, 0, 291.2
43, 22, 0.0, 0, 0, 289.7
44, 22, 0.0, 0, 0, 288.3
45, 22, 0.0, 0, 0, 286.9
45, 23, 90.0, 0, 0, 285.4
45, 24, 90.0, 0, 0, 284.0
45, 25, 90.0, 0, 0, 282.6
44, 25, 180.0, 0, 0, 281.1
43, 25, 180.0, 0, 0, 279.7
42, 25, 180.0, 0, 0, 278.3
42, 24, 270.0, 0, 0, 276.8
42, 23, 270.0, 0, 0, 275.4
42, 22, 270.0, 0, 0, 274.0
42, 21, 270.0, 0, 0, 272.6
43, 21, 0.0, 0, 0, 271.1
44, 21, 0.0, 0, 0, 269.7
45, 21, 0.0, 0, 0, 268.3
46, 21, 0.0, 0, 0, 266.9
46, 22, 90.0, 0, 0, 265.4
46, 23, 90.0, 0, 0, 264.0
46, 24, 90.0, 0, 0, 262.6
46, 25, 90.0, 0, 0, 261.2
45, 25, 180.0, 0, 0, 259.7
44, 25, 180.0, 0, 0, 258.3
43, 25, 180.0, 0, 0, 256.9
42, 25, 180.0, 0, 0, 255.5
42, 24, 270.0, 0, 0, 254.0
42, 23, 270.0, 0, 0, 252.6
42, 22, 270.0, 0, 0, 251.2
42, 21, 270.0, 0, 0, 249.8
42, 22, 87.2, 0, 0, 248.2
42, 21, -90.0, 0, 0, 246.7
43, 22, 56.3, 0, 0, 245.2
44, 22, 0.0, 0, 0, 244.1
45, 22, 0.0, 0, 0, 243.0
46, 22, 0.0, 0, 0, 241.9
46, 21, -90.0, 0, 0, 240.4
47, 21, 0.0, 0, 0, 239.3
48, 21, 0.0, 0, 0, 238.2
47, 21, -153.4, 0, 0, 236.7
46, 20, -153.4, 0, 0, 235.2
45, 20, -153.4, 0, 0, 233.7
45, 19, -116.6, 0, 0, 232.2
45, 20, 45.0, 0, 0, 230.7
46, 20, 45.0, 0, 0, 229.2
47, 21, 56.3, 0, 0, 227.7
47, 22, 63.4, 0, 0, 226.2
47, 23, 63.4, 0, 0, 224.7
48, 24, 45.0, 0, 0, 223.2
48, 24, 0.0, 1, 0, 222.5
48, 25, 90.0, 0, 0, 221.0
48, 25, 0.0, 1, 0, 219.5
47, 25, 180.0, 0, 0, 218.0
46, 25, 180.0, 0, 0, 216.5
45, 25, 180.0, 0, 0, 215.0
44, 25, 180.0, 0, 0, 213.5
43, 25, 180.0, 0, 0, 212.0
42, 25, 180.0, 0, 0, 210.5
41, 25, 180.0, 0, 0, 209.0
40, 25, 180.0, 0, 0, 207.5
39, 25, 180.0, 0, 0, 206.0
38, 25, 180.0, 0, 0, 204.5
39, 25, 0.0, 0, 0, 203.4
38, 25, 135.0, 0, 0, 201.9
38, 26, 90.0, 0, 0, 200.4
38, 27, 90.0, 0, 0, 198.9
38, 28, 90.0, 0, 0, 197.4
39, 28, 0.0, 0, 0, 196.3
38, 28, -153.4, 0, 0, 194.8
37, 27, -153.4, 0, 0, 193.3
36, 27, -135.0, 0, 0, 191.8
36, 26, -116.6, 0, 0, 190.3
35, 25, -153.4, 0, 0, 188.8
34, 25, -153.4, 0, 0, 187.3
33, 24, -135.0, 0, 0, 185.8
34, 25, 63.4, 0, 0, 184.3
34, 26, 71.6, 0, 0, 182.8
35, 27, 63.4, 0, 0, 181.3
35, 28, 90.0, 0, 0, 179.8
36, 28, 0.0, 0, 0, 178.7
35, 28, 180.0, 0, 0, 177.2
34, 28, 180.0, 0, 0, 175.7
34, 28, 180.0, 0, 0, 185.7
34, 28, 180.0, 0, 0, 195.7
34, 28, 180.0, 0, 0, 205.7
34, 28, 180.0, 0, 0, 215.7
34, 28, 180.0, 0, 0, 225.7
34, 28, 180.0, 0, 0, 235.7
34, 28, 180.0, 0, 0, 245.7
34, 28, 180.0, 0, 0, 255.7
34, 28, 180.0, 0, 0, 265.7
34, 28, 180.0, 0, 0, 275.7
34, 28, 180.0, 0, 0, 285.7
34, 28, 180.0, 0, 0, 295.7
34, 28, 180.0, 0, 0, 305.7
34, 28, 180.0, 0, 0, 315.7
34, 28, 180.0, 0, 0, 325.7
34, 28, 180.0, 0, 0, 335.7
34, 28, 180.0, 0, 0, 345.7
34, 28, 180.0, 0, 0, 355.7
34, 28, 180.0, 0, 0, 365.7
34, 28, 180.0, 0, 0, 375.7
34, 28, 180.0, 0, 0, 385.7
34, 28, 180.0, 0, 0, 395.7
34, 28, 180.0, 0, 0, 405.7
34, 28, 180.0, 0, 0, 415.7
34, 28, 180.0, 0, 0, 425.7
34, 28, 180.0, 0, 0, 435.7
34, 28, 180.0, 0, 0, 445.7
34, 28, 180.0, 0, 0, 455.7
34, 28, 180.0, 0, 0, 465.7
34, 28, 180.0, 0, 0, 475.7
34, 28, 180.0, 0, 0, 485.7
34, 28, 180.0, 0, 0, 495.7
34, 28, 180.0, 0, 0, 505.7
34, 28, 180.0, 0, 0, 515.7
34, 28, 180.0, 0, 0, 525.7
34, 28, 180.0, 0, 0, 535.7
34, 28, 180.0, 0, 0, 545.7
34, 28, 180.0, 0, 0, 555.7
34, 28, 180.0, 0, 0, 565.7
34, 28, 180.0, 0, 0, 575.7
34, 28, 180.0, 0, 0, 585.7
34, 28, 180.0, 0, 0, 595.7
34, 28, 180.0, 0, 0, 605.7
34, 28, 180.0, 0, 0, 615.7
34, 28, 180.0, 0, 0, 625.7
34, 28, 180.0, 0, 0, 635.7
34, 28, 180.0, 0, 0, 645.7
34, 28, 180.0, 0, 0, 655.7
34, 28, 180.0, 0, 0, 665.7
34, 28, 180.0, 0, 0, 675.7
34, 28, 180.0, 0, 0, 685.7
34, 28, 180.0, 0, 0, 695.7
34, 28, 180.0, 0, 0, 705.7
34, 28, 180.0, 0, 0, 715.7
34, 28, 180.0, 0, 0, 725.7
34, 28, 180.0, 0, 0, 735.7
34, 28, 180.0, 0, 0, 745.7
34, 28, 180.0, 0, 0, 755.7
34, 28, 180.0, 0, 0, 765.7
34, 28, 180.0, 0, 0, 775.7
34, 28, 180.0, 0, 0, 785.7
34, 28, 180.0, 0, 0, 795.7
34, 28, 180.0, 0, 0, 805.7
34, 28, 180.0, 0, 0, 815.7
34, 28, 180.0, 0, 0, 825.7
34, 28, 180.0, 0, 0, 835.7
34, 28, 180.0, 0, 0, 845.7
34, 28, 180.0, 0, 0, 855.7
34, 28, 180.0, 0, 0, 865.7
34, 28, 180.0, 0, 0, 875.7
34, 28, 180.0, 0, 0, 885.7
34, 28, 180.0, 0, 0, 895.7
34, 28, 180.0, 0, 0, 905.7
34, 28, 180.0, 0, 0, 915.7
34, 28, 180.0, 0, 0, 925.7
34, 28, 180.0, 0, 0, 935.7
34, 28, 180.0, 0, 0, 945.7
34, 28, 180.0, 0, 0, 955.7
34, 28, 180.0, 0, 0, 965.7
34, 28, 180.0, 0, 0, 975.7
34, 28, 180.0, 0, 0, 985.7
34, 28, 180.0, 0, 0, 995.7
34, 28, 180.0, 0, 0, 1000.0
33, 28, 180.0, 0, 0, 998.6
32, 28, 180.0, 0, 0, 997.2
31, 28, 180.0, 0, 2, 995.8
31, 28, 180.0, 0, 1, 995.3
31, 28, 180.0, 0, 0, 994.8
32, 28, 0.0, 0, 0, 993.7
32, 28, 90.0, 1, 0, 992.5
31, 28, 180.0, 0, 0, 991.0
31, 27, 270.0, 0, 0, 989.5
32, 27, 0.0, 0, 0, 988.0
32, 28, 90.0, 0, 0, 986.5
32, 28, 90.0, 1, 0, 985.5
31, 28, 180.0, 0, 0, 984.0
30, 28, 180.0, 0, 0, 982.6
30, 27, 270.0, 0, 0, 981.1
30, 26, 270.0, 0, 0, 979.7
31, 26, 0.0, 0, 0, 978.2
32, 26, 0.0, 0, 0, 976.8
32, 27, 90.0, 0, 0, 975.3
32, 28, 90.0, 0, 0, 973.9
31, 28, 180.0, 0, 0, 972.4
30, 28, 180.0, 0, 0, 971.0
29, 28, 180.0, 0, 0, 969.6
29, 27, 270.0, 0, 0, 968.1
29, 26, 270.0, 0, 0, 966.7
29, 25, 270.0, 0, 0, 965.3
30, 25, 0.0, 0, 0, 963.8
31, 25, 0.0, 0, 0, 962.4
32, 25, 0.0, 0, 5, 961.0
32, 25, 90.0, 0, 4, 960.4
32, 25, 90.0, 0, 3, 959.9
32, 25, 90.0, 0, 2, 959.4
32, 25, 90.0, 0, 1, 958.9
32, 25, 90.0, 0, 0, 958.4
32, 26, 90.0, 0, 0, 957.0
32, 27, 90.0, 0, 0, 955.6
32, 28, 90.0, 0, 0, 954.2
31, 28, 180.0, 0, 0, 952.7
30, 28, 180.0, 0, 0, 951.3
29, 28, 180.0, 0, 0, 949.9
29, 27, 270.0, 0, 0, 948.4
29, 26, 270.0, 0, 0, 947.0
29, 25, 270.0, 0, 0, 945.6
29, 24, 270.0, 0, 0, 944.2
30, 24, 0.0, 0, 0, 942.7
31, 24, 0.0, 0, 0, 941.3
32, 24, 0.0, 0, 0, 939.9
33, 24, 0.0, 0, 0, 938.5
33, 25, 90.0, 0, 0, 937.0
33, 26, 90.0, 0, 0, 935.6
33, 27, 90.0, 0, 0, 934.2
33, 28, 90.0, 0, 0, 932.8
32, 28, 180.0, 0, 0, 931.3
31, 28, 180.0, 0, 0, 929.9
30, 28, 180.0, 0, 0, 928.5
29, 28, 180.0, 0, 0, 927.1
29, 27, 270.0, 0, 0, 925.6
29, 26, 270.0, 0, 0, 924.2
29, 25, 270.0, 0, 0, 922.8
29, 24, 270.0, 0, 0, 921.4
29, 23, 285.9, 0, 0, 919.8
29, 22, 285.9, 0, 0, 918.4
29, 21, 285.9, 0, 0, 917.0
30, 20, 285.9, 0, 0, 915.6
30, 19, 285.9, 0, 0, 914.2
30, 18, 285.9, 0, 0, 912.8
30, 17, 285.9, 0, 0, 911.4
31, 16, 285.9, 0, 0, 910.0
31, 15, 285.9, 0, 0, 908.6
31, 14, 285.9, 0, 0, 907.2
32, 13, 285.9, 0, 0, 905.8
32, 12, 285.9, 0, 1, 904.4
32, 12, 285.9, 0, 0, 903.9
33, 12, 0.0, 0, 0, 902.8
33, 13, 90.0, 0, 0, 901.3
32, 13, 180.0, 0, 0, 899.8
32, 12, 270.0, 0, 0, 898.3
33, 12, 0.0, 0, 0, 896.8
33, 13, 90.0, 0, 0, 895.3
33, 14, 90.0, 0, 0, 893.9
32, 14, 180.0, 0, 0, 892.4
31, 14, 180.0, 0, 0, 891.0
31, 13, 270.0, 0, 0, 889.5
31, 12, 270.0, 0, 0, 888.1
32, 12, 0.0, 0, 0, 886.6
33, 12, 0.0, 0, 0, 885.2
33, 13, 90.0, 0, 0, 883.7
33, 14, 90.0, 0, 0, 882.3
32, 14, 180.0, 0, 0, 880.8
31, 14, 180.0, 0, 0, 879.4
30, 14, 180.0, 0, 0, 878.0
30, 13, 270.0, 0, 0, 876.5
30, 12, 270.0, 0, 0, 875.1
30, 11, 270.0, 0, 5, 873.7
30, 11, 0.0, 0, 4, 873.1
30, 11, 0.0, 0, 3, 872.6
30, 11, 0.0, 0, 2, 872.1
30, 11, 0.0, 0, 1, 871.6
30, 11, 0.0, 0, 0, 871.1
31, 11, 0.0, 0, 0, 869.7
32, 11, 0.0, 0, 0, 868.3
33, 11, 0.0, 0, 0, 866.9
33, 12, 90.0, 0, 0, 865.4
33, 13, 90.0, 0, 0, 864.0
33, 14, 90.0, 0, 0, 862.6
32, 14, 180.0, 0, 0, 861.1
31, 14, 180.0, 0, 0, 859.7
30, 14, 180.0, 0, 0, 858.3
30, 13, 270.0, 0, 0, 856.8
30, 12, 270.0, 0, 0, 855.4
30, 11, 270.0, 0, 0, 854.0
30, 10, 270.0, 0, 0, 852.6
31, 10, 0.0, 0, 0, 851.1
32, 10, 0.0, 0, 0, 849.7
33, 10, 0.0, 0, 0, 848.3
34, 10, 0.0, 0, 0, 846.9
34, 11, 90.0, 0, 0, 845.4
34, 12, 90.0, 0, 0, 844.0
34, 13, 90.0, 0, 0, 842.6
34, 14, 90.0, 0, 0, 841.2
33, 14, 180.0, 0, 0, 839.7
32, 14, 180.0, 0, 0, 838.3
31, 14, 180.0, 0, 0, 836.9
30, 14, 180.0, 0, 0, 835.5
30, 13, 270.0, 0, 0, 834.0
30, 12, 270.0, 0, 0, 832.6
30, 11, 270.0, 0, 0, 831.2
30, 10, 270.0, 0, 0, 829.8
29, 9, 228.6, 0, 0, 828.2
28, 8, 228.6, 0, 0, 826.8
28, 8, 228.6, 0, 0, 825.4
27, 7, 228.6, 0, 0, 824.0
26, 6, 228.6, 0, 0, 822.6
26, 5, 228.6, 0, 0, 821.2
25, 5, 228.6, 0, 0, 819.8
25, 4, 228.6, 0, 0, 818.4
24, 3, 228.6, 0, 0, 817.0
23, 2, 228.6, 0, 0, 815.6
23, 2, 228.6, 0, 0, 814.2
22, 1, 228.6, 0, 0, 812.8
22, 1, 228.6, 1, 0, 811.5
22, 1, 87.1, 0, 0, 810.0
22, 2, 87.1, 0, 0, 808.6
22, 3, 87.1, 0, 0, 807.2
22, 4, 87.1, 0, 0, 805.8
22, 5, 87.1, 0, 0, 804.4
22, 6, 87.1, 0, 5, 803.0
22, 6, 87.1, 0, 4, 802.5
22, 6, 87.1, 0, 3, 802.0
22, 6, 87.1, 0, 2, 801.5
22, 6, 87.1, 0, 1, 801.0
22, 6, 87.1, 0, 0, 800.5
23, 6, 0.0, 0, 0, 799.4
23, 7, 90.0, 0, 0, 797.9
22, 7, 180.0, 0, 0, 796.4
22, 6, 270.0, 0, 0, 794.9
23, 6, 0.0, 0, 0, 793.4
23, 7, 90.0, 0, 0, 791.9
23, 8, 90.0, 0, 0, 790.5
22, 8, 180.0, 0, 0, 789.0
21, 8, 180.0, 0, 0, 787.6
21, 7, 270.0, 0, 0, 786.1
21, 6, 270.0, 0, 0, 784.7
22, 6, 0.0, 0, 0, 783.2
23, 6, 0.0, 0, 0, 781.8
23, 7, 90.0, 0, 0, 780.3
23, 8, 90.0, 0, 0, 778.9
22, 8, 180.0, 0, 0, 777.4
21, 8, 180.0, 0, 0, 776.0
20, 8, 180.0, 0, 0, 774.6
20, 7, 270.0, 0, 0, 773.1
20, 6, 270.0, 0, 4, 771.7
20, 6, 270.0, 0, 3, 771.2
20, 6, 270.0, 0, 2, 770.7
20, 6, 270.0, 0, 1, 770.2
20, 6, 270.0, 0, 0, 769.7
20, 5, 270.0, 0, 0, 768.3
21, 5, 0.0, 0, 0, 766.8
22, 5, 0.0, 0, 0, 765.4
23, 5, 0.0, 0, 0, 764.0
23, 6, 90.0, 0, 0, 762.5
23, 7, 90.0, 0, 0, 761.1
23, 8, 90.0, 0, 0, 759.7
22, 8, 180.0, 0, 0, 758.2
21, 8, 180.0, 0, 0, 756.8
20, 8, 180.0, 0, 0, 755.4
20, 7, 270.0, 0, 0, 753.9
20, 6, 270.0, 0, 0, 752.5
20, 5, 270.0, 0, 0, 751.1
20, 4, 270.0, 0, 0, 749.7
21, 4, 0.0, 0, 0, 748.2
22, 4, 0.0, 0, 0, 746.8
23, 4, 0.0, 0, 0, 745.4
24, 4, 0.0, 0, 0, 744.0
24, 5, 90.0, 0, 0, 742.5
24, 6, 90.0, 0, 0, 741.1
24, 7, 90.0, 0, 0, 739.7
24, 8, 90.0, 0, 0, 738.3
23, 8, 180.0, 0, 0, 736.8
22, 8, 180.0, 0, 0, 735.4
21, 8, 180.0, 0, 0, 734.0
20, 8, 180.0, 0, 0, 732.6
20, 7, 270.0, 0, 0, 731.1
20, 6, 270.0, 0, 0, 729.7
20, 5, 270.0, 0, 0, 728.3
20, 4, 270.0, 0, 0, 726.9
20, 4, 289.8, 0, 0, 725.3
20, 3, 289.8, 0, 0, 723.9
21, 2, 289.8, 0, 0, 722.5
21, 1, 289.8, 0, 0, 721.1
21, 1, 289.8, 1, 0, 720.5
20, 1, 94.8, 0, 0, 719.0
20, 2, 94.8, 0, 0, 717.6
20, 3, 94.8, 0, 0, 716.2
20, 4, 94.8, 0, 0, 714.8
20, 5, 94.8, 0, 0, 713.4
20, 6, 94.8, 0, 0, 712.0
20, 7, 94.8, 0, 0, 710.6
20, 8, 94.8, 0, 0, 709.2
20, 9, 94.8, 0, 3, 707.8
20, 9, 94.8, 0, 2, 707.3
20, 9, 94.8, 0, 1, 706.8
20, 9, 94.8, 0, 0, 706.3
21, 9, 0.0, 0, 0, 705.2
21, 10, 90.0, 0, 0, 703.7
20, 10, 180.0, 0, 0, 702.2
20, 9, 270.0, 0, 0, 700.7
21, 9, 0.0, 0, 0, 699.2
21, 10, 90.0, 0, 0, 697.7
21, 11, 90.0, 0, 4, 696.3
21, 11, 180.0, 0, 3, 695.7
21, 11, 180.0, 0, 2, 695.2
21, 11, 180.0, 0, 1, 694.7
21, 11, 180.0, 0, 0, 694.2
20, 11, 180.0, 0, 0, 692.8
19, 11, 180.0, 0, 5, 691.4
19, 11, 270.0, 0, 4, 690.8
19, 11, 270.0, 0, 3, 690.3
19, 11, 270.0, 0, 2, 689.8
19, 11, 270.0, 0, 1, 689.3
19, 11, 270.0, 0, 0, 688.8
19, 10, 270.0, 0, 0, 687.4
19, 9, 270.0, 0, 0, 686.0
20, 9, 0.0, 0, 0, 684.5
21, 9, 0.0, 0, 0, 683.1
21, 10, 90.0, 0, 0, 681.6
21, 11, 90.0, 0, 0, 680.2
20, 11, 180.0, 0, 0, 678.7
19, 11, 180.0, 0, 0, 677.3
18, 11, 180.0, 0, 0, 675.9
18, 10, 270.0, 0, 0, 674.4
18, 9, 270.0, 0, 0, 673.0
18, 8, 270.0, 0, 0, 671.6
19, 8, 0.0, 0, 0, 670.1
20, 8, 0.0, 0, 0, 668.7
21, 8, 0.0, 0, 0, 667.3
21, 9, 90.0, 0, 0, 665.8
21, 10, 90.0, 0, 0, 664.4
21, 11, 90.0, 0, 0, 663.0
20, 11, 180.0, 0, 0, 661.5
19, 11, 180.0, 0, 0, 660.1
18, 11, 180.0, 0, 0, 658.7
18, 10, 270.0, 0, 0, 657.2
18, 9, 270.0, 0, 0, 655.8
18, 8, 270.0, 0, 0, 654.4
18, 7, 270.0, 0, 0, 653.0
19, 7, 0.0, 0, 5, 651.5
19, 7, 0.0, 0, 4, 651.0
19, 7, 0.0, 0, 3, 650.5
19, 7, 0.0, 0, 2, 650.0
19, 7, 0.0, 0, 1, 649.5
19, 7, 0.0, 0, 0, 649.0
20, 7, 0.0, 0, 0, 647.6
21, 7, 0.0, 0, 0, 646.2
22, 7, 0.0, 0, 0, 644.8
22, 8, 90.0, 0, 0, 643.3
22, 9, 90.0, 0, 0, 641.9
22, 10, 90.0, 0, 0, 640.5
22, 11, 90.0, 0, 0, 639.1
21, 11, 180.0, 0, 0, 637.6
20, 11, 180.0, 0, 0, 636.2
19, 11, 180.0, 0, 0, 634.8
18, 11, 180.0, 0, 0, 633.4
18, 10, 270.0, 0, 0, 631.9
18, 9, 270.0, 0, 0, 630.5
18, 8, 270.0, 0, 0, 629.1
18, 7, 270.0, 0, 0, 627.7
17, 7, 232.2, 0, 0, 626.1
17, 6, 232.2, 0, 0, 624.7
16, 5, 232.2, 0, 0, 623.3
15, 4, 232.2, 0, 5, 621.9
15, 4, 232.2, 0, 4, 621.4
15, 4, 232.2, 0, 3, 620.9
15, 4, 232.2, 0, 2, 620.4
15, 4, 232.2, 0, 1, 619.9
15, 4, 232.2, 0, 0, 619.4
16, 4, 0.0, 0, 0, 618.3
16, 5, 90.0, 0, 0, 616.8
15, 5, 180.0, 0, 0, 615.3
15, 4, 270.0, 0, 0, 613.8
16, 4, 0.0, 0, 0, 612.3
16, 5, 90.0, 0, 0, 610.8
16, 6, 90.0, 0, 0, 609.4
15, 6, 180.0, 0, 0, 607.9
14, 6, 180.0, 0, 0, 606.5
14, 5, 270.0, 0, 0, 605.0
14, 4, 270.0, 0, 0, 603.6
15, 4, 0.0, 0, 0, 602.1
16, 4, 0.0, 0, 0, 600.7
16, 5, 90.0, 0, 0, 599.2
16, 6, 90.0, 0, 0, 597.8
15, 6, 180.0, 0, 0, 596.3
14, 6, 180.0, 0, 0, 594.9
13, 6, 180.0, 0, 0, 593.5
13, 5, 270.0, 0, 0, 592.0
13, 4, 270.0, 0, 0, 590.6
13, 3, 270.0, 0, 0, 589.2
14, 3, 0.0, 0, 0, 587.7
15, 3, 0.0, 0, 0, 586.3
16, 3, 0.0, 0, 0, 584.9
16, 4, 90.0, 0, 0, 583.4
16, 5, 90.0, 0, 0, 582.0
16, 6, 90.0, 0, 0, 580.6
15, 6, 180.0, 0, 0, 579.1
14, 6, 180.0, 0, 0, 577.7
13, 6, 180.0, 0, 0, 576.3
13, 5, 270.0, 0, 0, 574.8
13, 4, 270.0, 0, 0, 573.4
13, 3, 270.0, 0, 0, 572.0
13, 2, 270.0, 0, 0, 570.6
14, 2, 0.0, 0, 0, 569.1
15, 2, 0.0, 0, 0, 567.7
16, 2, 0.0, 0, 0, 566.3
17, 2, 0.0, 0, 0, 564.9
17, 3, 90.0, 0, 0, 563.4
17, 4, 90.0, 0, 0, 562.0
17, 5, 90.0, 0, 0, 560.6
17, 6, 90.0, 0, 0, 559.2
16, 6, 180.0, 0, 0, 557.7
15, 6, 180.0, 0, 0, 556.3
14, 6, 180.0, 0, 0, 554.9
13, 6, 180.0, 0, 0, 553.5
13, 5, 270.0, 0, 0, 552.0
13, 4, 270.0, 0, 0, 550.6
13, 3, 270.0, 0, 0, 549.2
13, 2, 270.0, 0, 0, 547.8
13, 1, 265.5, 0, 4, 546.2
13, 1, 265.5, 0, 3, 545.7
13, 1, 265.5, 0, 2, 545.2
13, 1, 265.5, 0, 1, 544.7
13, 1, 265.5, 0, 0, 544.2
14, 1, 0.0, 0, 0, 543.1
14, 2, 90.0, 0, 0, 541.6
13, 2, 180.0, 0, 0, 540.1
13, 1, 270.0, 0, 0, 538.6
14, 1, 0.0, 0, 0, 537.1
14, 2, 90.0, 0, 0, 535.6
14, 3, 90.0, 0, 0, 534.2
13, 3, 180.0, 0, 0, 532.7
12, 3, 180.0, 0, 0, 531.3
12, 2, 270.0, 0, 0, 529.8
12, 1, 270.0, 0, 2, 528.4
12, 1, 0.0, 0, 1, 527.8
12, 1, 0.0, 0, 0, 527.3
13, 1, 0.0, 0, 0, 525.9
14, 1, 0.0, 0, 0, 524.5
14, 2, 90.0, 0, 0, 523.0
14, 3, 90.0, 0, 0, 521.6
13, 3, 180.0, 0, 0, 520.1
12, 3, 180.0, 0, 0, 518.7
11, 3, 180.0, 0, 0, 517.3
11, 2, 270.0, 0, 0, 515.8
11, 1, 270.0, 0, 0, 514.4
11, 1, 270.0, 1, 0, 513.5
12, 1, 0.0, 0, 0, 512.0
13, 1, 0.0, 0, 0, 510.6
14, 1, 0.0, 0, 0, 509.2
13, 2, 90.0, 0, 0, 507.7
13, 3, 90.0, 0, 0, 506.3
13, 4, 90.0, 0, 0, 504.9
12, 4, 180.0, 0, 0, 503.4
11, 4, 180.0, 0, 0, 502.0
10, 3, 180.0, 0, 0, 500.6
10, 2, 270.0, 0, 0, 499.1
11, 1, 270.0, 0, 0, 497.7
11, 1, 270.0, 1, 0, 496.5
11, 1, 270.0, 1, 0, 495.5
12, 1, 0.0, 0, 0, 494.0
13, 1, 0.0, 0, 0, 492.6
14, 1, 0.0, 0, 0, 491.2
15, 1, 0.0, 0, 0, 489.8
14, 2, 90.0, 0, 0, 488.3
14, 3, 90.0, 0, 0, 486.9
14, 4, 90.0, 0, 0, 485.5
14, 5, 90.0, 0, 0, 484.1
13, 5, 180.0, 0, 0, 482.6
12, 5, 180.0, 0, 0, 481.2
11, 5, 180.0, 0, 5, 479.8
11, 5, 180.0, 0, 4, 479.3
11, 5, 180.0, 0, 3, 478.8
11, 5, 180.0, 0, 2, 478.3
11, 5, 180.0, 0, 1, 477.8
11, 5, 180.0, 0, 0, 477.3
10, 4, 180.0, 0, 0, 475.9
10, 3, 270.0, 0, 0, 474.4
10, 2, 270.0, 0, 0, 473.0
10, 1, 270.0, 0, 0, 471.6
10, 1, 270.0, 1, 0, 470.5
10, 1, 197.5, 1, 0, 469.5
10, 1, 59.9, 0, 0, 468.0
11, 2, 59.9, 0, 0, 466.6
11, 3, 59.9, 0, 0, 465.2
12, 4, 59.9, 0, 0, 463.8
12, 5, 59.9, 0, 0, 462.4
13, 6, 59.9, 0, 0, 461.0
13, 7, 59.9, 0, 0, 459.6
14, 7, 59.9, 0, 0, 458.2
14, 8, 59.9, 0, 0, 456.8
15, 9, 59.9, 0, 0, 455.4
15, 10, 59.9, 0, 0, 454.0
16, 11, 59.9, 0, 0, 452.6
16, 12, 59.9, 0, 0, 451.2
17, 13, 59.9, 0, 0, 449.8
17, 13, 59.9, 0, 0, 448.4
18, 14, 59.9, 0, 0, 447.0
18, 15, 59.9, 0, 0, 445.6
18, 15, 59.9, 1, 0, 444.5
17, 15, 102.2, 0, 0, 443.0
17, 16, 102.2, 0, 0, 441.6
17, 17, 102.2, 0, 0, 440.2
17, 18, 102.2, 0, 0, 438.8
16, 19, 102.2, 0, 0, 437.4
16, 20, 102.2, 0, 0, 436.0
16, 21, 102.2, 0, 0, 434.6
16, 22, 102.2, 0, 0, 433.2
16, 23, 102.2, 0, 0, 431.8
15, 24, 102.2, 0, 0, 430.4
15, 25, 102.2, 0, 0, 429.0
15, 26, 102.2, 0, 0, 427.6
15, 27, 102.2, 0, 0, 426.2
15, 28, 102.2, 0, 0, 424.8
15, 28, 102.2, 1, 0, 423.5
15, 27, 307.7, 0, 0, 422.0
16, 26, 307.7, 0, 0, 420.6
16, 25, 307.7, 0, 0, 419.2
17, 24, 307.7, 0, 0, 417.8
18, 24, 307.7, 0, 0, 416.4
18, 23, 307.7, 0, 0, 415.0
18, 23, 307.7, 1, 0, 414.5
17, 23, 101.8, 0, 0, 413.0
17, 24, 101.8, 0, 0, 411.6
17, 25, 101.8, 0, 0, 410.2
17, 26, 101.8, 0, 0, 408.8
16, 27, 101.8, 0, 0, 407.4
16, 28, 101.8, 0, 0, 406.0
16, 28, 101.8, 1, 0, 405.5
16, 27, 282.7, 0, 0, 404.0
16, 26, 282.7, 0, 0, 402.6
16, 25, 282.7, 0, 0, 401.2
16, 24, 282.7, 0, 0, 399.8
17, 23, 282.7, 0, 0, 398.4
17, 22, 282.7, 0, 0, 397.0
17, 21, 282.7, 0, 0, 395.6
17, 20, 282.7, 0, 0, 394.2
17, 19, 282.7, 0, 0, 392.8
18, 18, 282.7, 0, 0, 391.4
18, 17, 282.7, 0, 3, 390.0
18, 17, 282.7, 0, 2, 389.5
18, 17, 282.7, 0, 1, 389.0
18, 17, 282.7, 0, 0, 388.5
18, 17, 0.0, 1, 0, 387.5
18, 18, 90.0, 0, 0, 386.0
17, 18, 180.0, 0, 0, 384.5
17, 17, 270.0, 0, 0, 383.0
18, 17, 0.0, 0, 0, 381.5
18, 18, 90.0, 0, 0, 380.0
18, 19, 90.0, 0, 0, 378.6
17, 19, 180.0, 0, 0, 377.1
16, 19, 180.0, 0, 0, 375.7
16, 18, 270.0, 0, 0, 374.2
16, 17, 270.0, 0, 0, 372.8
17, 17, 0.0, 0, 0, 371.3
18, 17, 0.0, 0, 0, 369.9
18, 18, 90.0, 0, 0, 368.4
18, 19, 90.0, 0, 0, 367.0
17, 19, 180.0, 0, 0, 365.5
16, 19, 180.0, 0, 0, 364.1
15, 19, 180.0, 0, 0, 362.7
15, 18, 270.0, 0, 0, 361.2
15, 17, 270.0, 0, 0, 359.8
15, 16, 270.0, 0, 0, 358.4
16, 16, 0.0, 0, 0, 356.9
17, 16, 0.0, 0, 0, 355.5
18, 16, 0.0, 0, 0, 354.1
18, 17, 90.0, 0, 0, 352.6
18, 18, 90.0, 0, 0, 351.2
17, 19, 90.0, 0, 0, 349.8
16, 19, 180.0, 0, 0, 348.3
15, 19, 180.0, 0, 0, 346.9
14, 19, 180.0, 0, 0, 345.5
15, 18, 270.0, 0, 0, 344.0
15, 17, 270.0, 0, 0, 342.6
15, 16, 270.0, 0, 0, 341.2
15, 15, 270.0, 0, 0, 339.8
16, 15, 0.0, 0, 0, 338.3
17, 15, 0.0, 0, 0, 336.9
18, 15, 0.0, 0, 0, 335.5
18, 15, 0.0, 1, 0, 334.5
17, 16, 90.0, 0, 0, 333.0
17, 17, 90.0, 0, 0, 331.6
17, 18, 90.0, 0, 0, 330.2
17, 19, 90.0, 0, 0, 328.8
16, 18, 180.0, 0, 0, 327.3
15, 18, 180.0, 0, 0, 325.9
14, 18, 180.0, 0, 0, 324.5
13, 18, 180.0, 0, 0, 323.1
13, 17, 270.0, 0, 0, 321.6
13, 16, 270.0, 0, 0, 320.2
13, 15, 270.0, 0, 0, 318.8
14, 14, 270.0, 0, 0, 317.4
13, 14, 226.5, 0, 0, 315.8
12, 13, 226.5, 0, 0, 314.4
11, 12, 226.5, 0, 0, 313.0
11, 12, 226.5, 0, 0, 311.6
10, 11, 226.5, 0, 0, 310.2
9, 10, 226.5, 0, 0, 308.8
9, 9, 226.5, 0, 0, 307.4
8, 9, 226.5, 0, 0, 306.0
7, 8, 226.5, 0, 0, 304.6
7, 7, 226.5, 0, 0, 303.2
6, 7, 226.5, 0, 0, 301.8
5, 6, 226.5, 0, 0, 300.4
5, 5, 226.5, 0, 0, 299.0
5, 6, 90.0, 0, 0, 297.5
5, 7, 45.0, 0, 4, 296.0
5, 7, 45.0, 0, 3, 295.5
5, 7, 45.0, 0, 2, 295.0
5, 7, 45.0, 0, 1, 294.5
5, 7, 45.0, 0, 0, 294.0
6, 7, 0.0, 0, 0, 292.9
7, 7, 45.0, 0, 0, 291.4
7, 8, 63.4, 0, 0, 289.9
8, 9, 26.6, 0, 0, 288.4
9, 10, 45.0, 0, 0, 286.9
10, 10, 45.0, 0, 0, 285.4
10, 11, 63.4, 0, 0, 283.9
11, 12, 45.0, 0, 0, 282.4
12, 13, 45.0, 0, 0, 280.9
12, 13, 45.0, 0, 0, 279.4
13, 14, 26.6, 0, 0, 277.9
14, 14, 38.7, 0, 0, 276.4
14, 15, 59.0, 0, 0, 274.9
15, 16, 59.0, 0, 0, 273.4
15, 17, 68.2, 0, 0, 271.9
16, 18, 68.2, 0, 0, 270.4
16, 19, 78.7, 0, 0, 268.9
17, 19, 0.0, 0, 0, 267.8
17, 18, -90.0, 0, 0, 266.3
17, 17, -90.0, 0, 0, 264.8
17, 16, -90.0, 0, 0, 263.3
17, 15, -90.0, 0, 0, 261.8
18, 15, 0.0, 0, 0, 260.7
18, 15, 0.0, 1, 0, 259.5
18, 14, -90.0, 0, 0, 258.0
17, 13, -135.0, 0, 0, 256.5
18, 13, 0.0, 0, 0, 255.4
17, 12, -153.4, 0, 0, 253.9
16, 12, -135.0, 0, 0, 252.4
16, 11, -116.6, 0, 0, 250.9
15, 10, -116.6, 0, 0, 249.4
15, 9, -116.6, 0, 0, 247.9
14, 8, -116.6, 0, 0, 246.4
14, 7, -135.0, 0, 0, 244.9
13, 7, -135.0, 0, 0, 243.4
13, 6, -116.6, 0, 0, 241.9
12, 5, -116.6, 0, 0, 240.4
12, 4, -116.6, 0, 0, 238.9
11, 3, -116.6, 0, 0, 237.4
11, 2, -116.6, 0, 0, 235.9
10, 1, -135.0, 0, 0, 234.4
11, 1, 0.0, 0, 0, 233.3
12, 2, 26.6, 0, 0, 231.8
13, 3, 36.9, 0, 0, 230.3
14, 3, 36.9, 0, 0, 228.8
14, 4, 53.1, 0, 0, 227.3
15, 5, 36.9, 0, 0, 225.8
16, 5, 31.0, 0, 0, 224.3
17, 5, 26.6, 0, 0, 222.8
18, 6, 18.4, 0, 0, 221.3
19, 5, -26.6, 0, 0, 219.8
19, 5, -45.0, 0, 0, 218.3
20, 4, -63.4, 0, 0, 216.8
21, 4, 0.0, 0, 0, 215.7
21, 4, 45.0, 0, 0, 214.2
22, 4, 0.0, 0, 0, 213.1
22, 3, -90.0, 0, 0, 211.6
22, 2, -90.0, 0, 0, 210.1
22, 1, -90.0, 0, 0, 208.6
23, 1, 0.0, 0, 0, 207.5
23, 2, 90.0, 0, 0, 206.0
24, 2, 0.0, 0, 0, 204.9
24, 3, 90.0, 0, 0, 203.4
25, 4, 45.0, 0, 0, 201.9
25, 5, 90.0, 0, 0, 200.4
26, 5, 0.0, 0, 0, 199.3
26, 6, 90.0, 0, 0, 197.8
27, 7, 45.0, 0, 0, 196.3
28, 8, 45.0, 0, 0, 194.8
29, 8, 0.0, 0, 0, 193.7
29, 9, 90.0, 0, 0, 192.2
29, 9, 45.0, 0, 0, 190.7
30, 10, 53.1, 0, 0, 189.2
30, 11, 76.0, 0, 0, 187.7
30, 12, 76.0, 0, 0, 186.2
31, 13, 76.0, 0, 0, 184.7
30, 14, 104.0, 0, 0, 183.2
30, 15, 90.0, 0, 0, 181.7
30, 16, 90.0, 0, 0, 180.2
30, 17, 90.0, 0, 0, 178.7
30, 18, 104.0, 0, 0, 177.2
30, 19, 104.0, 0, 0, 175.7
30, 20, 104.0, 0, 0, 174.2
29, 21, 104.0, 0, 0, 172.7
30, 22, 66.8, 0, 0, 171.2
30, 23, 63.4, 0, 0, 169.7
31, 23, 51.3, 0, 0, 168.2
31, 24, 68.2, 0, 0, 166.7
32, 25, 63.4, 0, 0, 165.2
32, 26, 56.3, 0, 0, 163.7
31, 25, -143.5, 0, 0, 162.2
31, 25, -144.2, 0, 0, 160.7
30, 24, -143.1, 0, 0, 159.2
29, 24, -145.2, 0, 0, 157.7
30, 24, 0.0, 0, 0, 156.6
30, 25, 63.4, 0, 0, 155.1
31, 25, 45.0, 0, 0, 153.6
32, 26, 45.0, 0, 0, 152.1
32, 27, 63.4, 0, 0, 150.6
33, 28, 45.0, 0, 0, 149.1
34, 28, 0.0, 0, 0, 148.0
34, 28, 0.0, 0, 0, 158.0
34, 28, 0.0, 0, 0, 168.0
34, 28, 0.0, 0, 0, 178.0
34, 28, 0.0, 0, 0, 188.0
34, 28, 0.0, 0, 0, 198.0
34, 28, 0.0, 0, 0, 208.0
34, 28, 0.0, 0, 0, 218.0
34, 28, 0.0, 0, 0, 228.0
34, 28, 0.0, 0, 0, 238.0
34, 28, 0.0, 0, 0, 248.0
34, 28, 0.0, 0, 0, 258.0
34, 28, 0.0, 0, 0, 268.0
34, 28, 0.0, 0, 0, 278.0
34, 28, 0.0, 0, 0, 288.0
34, 28, 0.0, 0, 0, 298.0
34, 28, 0.0, 0, 0, 308.0
34, 28, 0.0, 0, 0, 318.0
34, 28, 0.0, 0, 0, 328.0
34, 28, 0.0, 0, 0, 338.0
34, 28, 0.0, 0, 0, 348.0
34, 28, 0.0, 0, 0, 358.0
34, 28, 0.0, 0, 0, 368.0
34, 28, 0.0, 0, 0, 378.0
34, 28, 0.0, 0, 0, 388.0
34, 28, 0.0, 0, 0, 398.0
34, 28, 0.0, 0, 0, 408.0
34, 28, 0.0, 0, 0, 418.0
34, 28, 0.0, 0, 0, 428.0
34, 28, 0.0, 0, 0, 438.0
34, 28, 0.0, 0, 0, 448.0
34, 28, 0.0, 0, 0, 458.0
34, 28, 0.0, 0, 0, 468.0
34, 28, 0.0, 0, 0, 478.0
34, 28, 0.0, 0, 0, 488.0
34, 28, 0.0, 0, 0, 498.0
34, 28, 0.0, 0, 0, 508.0
34, 28, 0.0, 0, 0, 518.0
34, 28, 0.0, 0, 0, 528.0
34, 28, 0.0, 0, 0, 538.0
34, 28, 0.0, 0, 0, 548.0
34, 28, 0.0, 0, 0, 558.0
34, 28, 0.0, 0, 0, 568.0
34, 28, 0.0, 0, 0, 578.0
34, 28, 0.0, 0, 0, 588.0
34, 28, 0.0, 0, 0, 598.0
34, 28, 0.0, 0, 0, 608.0
34, 28, 0.0, 0, 0, 618.0
34, 28, 0.0, 0, 0, 628.0
34, 28, 0.0, 0, 0, 638.0
34, 28, 0.0, 0, 0, 648.0
34, 28, 0.0, 0, 0, 658.0
34, 28, 0.0, 0, 0, 668.0
34, 28, 0.0, 0, 0, 678.0
34, 28, 0.0, 0, 0, 688.0
34, 28, 0.0, 0, 0, 698.0
34, 28, 0.0, 0, 0, 708.0
34, 28, 0.0, 0, 0, 718.0
34, 28, 0.0, 0, 0, 728.0
34, 28, 0.0, 0, 0, 738.0
34, 28, 0.0, 0, 0, 748.0
34, 28, 0.0, 0, 0, 758.0
34, 28, 0.0, 0, 0, 768.0
34, 28, 0.0, 0, 0, 778.0
34, 28, 0.0, 0, 0, 788.0
34, 28, 0.0, 0, 0, 798.0
34, 28, 0.0, 0, 0, 808.0
34, 28, 0.0, 0, 0, 818.0
34, 28, 0.0, 0, 0, 828.0
34, 28, 0.0, 0, 0, 838.0
34, 28, 0.0, 0, 0, 848.0
34, 28, 0.0, 0, 0, 858.0
34, 28, 0.0, 0, 0, 868.0
34, 28, 0.0, 0, 0, 878.0
34, 28, 0.0, 0, 0, 888.0
34, 28, 0.0, 0, 0, 898.0
34, 28, 0.0, 0, 0, 908.0
34, 28, 0.0, 0, 0, 918.0
34, 28, 0.0, 0, 0, 928.0
34, 28, 0.0, 0, 0, 938.0
34, 28, 0.0, 0, 0, 948.0
34, 28, 0.0, 0, 0, 958.0
34, 28, 0.0, 0, 0, 968.0
34, 28, 0.0, 0, 0, 978.0
34, 28, 0.0, 0, 0, 988.0
34, 28, 0.0, 0, 0, 998.0
34, 28, 0.0, 0, 0, 1000.0
35, 28, 0.0, 0, 0, 999.0
36, 28, 0.0, 0, 0, 998.0
37, 28, 0.0, 0, 0, 997.0
38, 28, 0.0, 0, 0, 996.0
39, 28, 0.0, 0, 0, 995.0
40, 28, 0.0, 0, 0, 994.0
41, 28, 0.0, 0, 0, 993.0
42, 28, 0.0, 0, 0, 992.0
43, 28, 0.0, 0, 0, 991.0
44, 28, 0.0, 0, 0, 990.0
45, 28, 0.0, 0, 0, 989.0
46, 28, 0.0, 0, 0, 988.0
47, 28, 0.0, 0, 0, 987.0
48, 28, 0.0, 0, 0, 986.0
48, 28, 0.0, 1, 0, 985.5
47, 28, 92.9, 0, 0, 984.0
47, 28, 92.9, 1, 0, 983.5
46, 27, 217.5, 0, 0, 982.0
45, 26, 217.5, 0, 0, 980.6
44, 26, 217.5, 0, 0, 979.2
43, 25, 217.5, 0, 0, 977.8
43, 24, 217.5, 0, 0, 976.4
42, 24, 217.5, 0, 0, 975.0
41, 23, 217.5, 0, 0, 973.6
40, 23, 217.5, 0, 0, 972.2
39, 22, 217.5, 0, 0, 970.8
39, 21, 217.5, 0, 0, 969.4
39, 21, 217.5, 1, 0, 968.5
39, 21, 241.4, 1, 0, 967.5
39, 21, 268.4, 1, 0, 966.5
39, 21, 77.4, 0, 0, 965.0
39, 22, 77.4, 0, 0, 963.6
39, 23, 77.4, 0, 1, 962.2
39, 23, 77.4, 0, 0, 961.7
40, 23, 0.0, 0, 0, 960.6
40, 24, 90.0, 0, 0, 959.1
39, 24, 180.0, 0, 0, 957.6
39, 23, 270.0, 0, 0, 956.1
40, 23, 0.0, 0, 0, 954.6
40, 24, 90.0, 0, 0, 953.1
40, 25, 90.0, 0, 0, 951.7
39, 25, 180.0, 0, 0, 950.2
38, 25, 180.0, 0, 0, 948.8
38, 24, 270.0, 0, 0, 947.3
38, 23, 270.0, 0, 0, 945.9
39, 23, 0.0, 0, 0, 944.4
40, 23, 0.0, 0, 0, 943.0
40, 24, 90.0, 0, 0, 941.5
40, 25, 90.0, 0, 0, 940.1
39, 25, 180.0, 0, 0, 938.6
38, 25, 180.0, 0, 0, 937.2
37, 25, 180.0, 0, 0, 935.8
37, 24, 270.0, 0, 0, 934.3
37, 23, 270.0, 0, 0, 932.9
37, 22, 270.0, 0, 0, 931.5
38, 22, 0.0, 0, 0, 930.0
39, 22, 0.0, 0, 0, 928.6
40, 22, 0.0, 0, 0, 927.2
40, 23, 90.0, 0, 0, 925.7
40, 24, 90.0, 0, 0, 924.3
40, 25, 90.0, 0, 0, 922.9
39, 25, 180.0, 0, 0, 921.4
38, 25, 180.0, 0, 0, 920.0
37, 25, 180.0, 0, 0, 918.6
37, 24, 270.0, 0, 0, 917.1
37, 23, 270.0, 0, 0, 915.7
37, 22, 270.0, 0, 0, 914.3
37, 21, 270.0, 0, 0, 912.9
37, 21, 0.0, 1, 0, 911.5
37, 21, 0.0, 1, 0, 910.5
37, 21, 0.0, 1, 0, 909.5
37, 21, 0.0, 1, 0, 908.5
37, 22, 90.0, 0, 0, 907.0
37, 23, 90.0, 0, 0, 905.6
37, 24, 90.0, 0, 0, 904.2
37, 25, 90.0, 0, 0, 902.8
36, 24, 180.0, 0, 0, 901.3
35, 24, 180.0, 0, 0, 899.9
34, 24, 180.0, 0, 0, 898.5
33, 24, 180.0, 0, 0, 897.1
33, 23, 270.0, 0, 0, 895.6
33, 22, 270.0, 0, 3, 894.2
33, 22, 270.0, 0, 2, 893.7
33, 22, 270.0, 0, 1, 893.2
33, 22, 270.0, 0, 0, 892.7
33, 21, 270.0, 0, 0, 891.3
33, 20, 270.0, 0, 0, 889.9
33, 20, 276.1, 0, 0, 888.3
33, 19, 276.1, 0, 0, 886.9
33, 18, 276.1, 0, 0, 885.5
33, 17, 276.1, 0, 0, 884.1
33, 16, 276.1, 0, 0, 882.7
33, 15, 276.1, 0, 0, 881.3
33, 14, 276.1, 0, 0, 879.9
33, 13, 276.1, 0, 0, 878.5
33, 12, 276.1, 0, 0, 877.1
34, 11, 276.1, 0, 0, 875.7
34, 10, 276.1, 0, 0, 874.3
34, 9, 276.1, 0, 0, 872.9
34, 8, 276.1, 0, 0, 871.5
34, 7, 276.1, 0, 0, 870.1
34, 6, 276.1, 0, 0, 868.7
34, 5, 276.1, 0, 0, 867.3
34, 4, 276.1, 0, 0, 865.9
34, 3, 276.1, 0, 0, 864.5
35, 2, 276.1, 0, 0, 863.1
35, 1, 276.1, 0, 0, 861.7
35, 1, 276.1, 1, 0, 860.5
35, 1, 21.0, 0, 0, 859.0
36, 1, 21.0, 0, 0, 857.6
37, 2, 21.0, 0, 0, 856.2
38, 2, 21.0, 0, 0, 854.8
39, 2, 21.0, 0, 0, 853.4
40, 3, 21.0, 0, 0, 852.0
41, 3, 21.0, 0, 0, 850.6
42, 3, 21.0, 0, 0, 849.2
43, 4, 21.0, 0, 0, 847.8
44, 4, 21.0, 0, 0, 846.4
45, 4, 21.0, 0, 0, 845.0
46, 5, 21.0, 0, 0, 843.6
47, 5, 21.0, 0, 0, 842.2
48, 6, 21.0, 0, 0, 840.8
48, 6, 21.0, 1, 0, 839.5
48, 6, 32.4, 0, 0, 838.0
48, 6, 32.4, 1, 0, 837.5
47, 6, 169.5, 0, 0, 836.0
46, 6, 169.5, 0, 5, 834.6
46, 6, 169.5, 0, 4, 834.1
46, 6, 169.5, 0, 3, 833.6
46, 6, 169.5, 0, 2, 833.1
46, 6, 169.5, 0, 1, 832.6
46, 6, 169.5, 0, 0, 832.1
47, 6, 0.0, 0, 0, 831.0
47, 7, 90.0, 0, 0, 829.5
46, 7, 180.0, 0, 0, 828.0
46, 6, 270.0, 0, 0, 826.5
47, 6, 0.0, 0, 0, 825.0
47, 7, 90.0, 0, 0, 823.5
47, 8, 90.0, 0, 0, 822.1
46, 8, 180.0, 0, 0, 820.6
45, 8, 180.0, 0, 0, 819.2
45, 7, 270.0, 0, 0, 817.7
45, 6, 270.0, 0, 0, 816.3
46, 6, 0.0, 0, 0, 814.8
47, 6, 0.0, 0, 0, 813.4
47, 7, 90.0, 0, 0, 811.9
47, 8, 90.0, 0, 0, 810.5
46, 8, 180.0, 0, 0, 809.0
45, 8, 180.0, 0, 0, 807.6
44, 8, 180.0, 0, 4, 806.2
44, 8, 270.0, 0, 3, 805.6
44, 8, 270.0, 0, 2, 805.1
44, 8, 270.0, 0, 1, 804.6
44, 8, 270.0, 0, 0, 804.1
44, 7, 270.0, 0, 0, 802.7
44, 6, 270.0, 0, 0, 801.3
44, 5, 270.0, 0, 0, 799.9
45, 5, 0.0, 0, 2, 798.4
45, 5, 0.0, 0, 1, 797.9
45, 5, 0.0, 0, 0, 797.4
46, 5, 0.0, 0, 0, 796.0
47, 5, 0.0, 0, 0, 794.6
47, 6, 90.0, 0, 0, 793.1
47, 7, 90.0, 0, 0, 791.7
47, 8, 90.0, 0, 0, 790.3
46, 8, 180.0, 0, 0, 788.8
45, 8, 180.0, 0, 0, 787.4
44, 8, 180.0, 0, 0, 786.0
44, 7, 270.0, 0, 0, 784.5
44, 6, 270.0, 0, 0, 783.1
44, 5, 270.0, 0, 0, 781.7
44, 4, 270.0, 0, 0, 780.3
45, 4, 0.0, 0, 0, 778.8
46, 4, 0.0, 0, 0, 777.4
47, 4, 0.0, 0, 0, 776.0
48, 4, 0.0, 0, 0, 774.6
48, 5, 90.0, 0, 5, 773.1
48, 5, 90.0, 0, 4, 772.6
48, 5, 90.0, 0, 3, 772.1
48, 5, 90.0, 0, 2, 771.6
48, 5, 90.0, 0, 1, 771.1
48, 5, 90.0, 0, 0, 770.6
48, 6, 90.0, 0, 0, 769.2
48, 7, 90.0, 0, 0, 767.8
48, 8, 90.0, 0, 0, 766.4
47, 8, 180.0, 0, 0, 764.9
46, 8, 180.0, 0, 0, 763.5
45, 8, 180.0, 0, 0, 762.1
44, 8, 180.0, 0, 0, 760.7
44, 7, 270.0, 0, 0, 759.2
44, 6, 270.0, 0, 0, 757.8
44, 5, 270.0, 0, 0, 756.4
44, 4, 270.0, 0, 0, 755.0
43, 4, 192.2, 0, 0, 753.4
42, 3, 192.2, 0, 0, 752.0
41, 3, 192.2, 0, 0, 750.6
40, 3, 192.2, 0, 0, 749.2
39, 3, 192.2, 0, 0, 747.8
38, 3, 192.2, 0, 0, 746.4
37, 2, 192.2, 0, 0, 745.0
36, 2, 192.2, 0, 0, 743.6
35, 2, 192.2, 0, 0, 742.2
34, 2, 192.2, 0, 0, 740.8
33, 2, 192.2, 0, 0, 739.4
32, 1, 192.2, 0, 0, 738.0
31, 1, 192.2, 0, 0, 736.6
30, 1, 192.2, 0, 2, 735.2
30, 1, 192.2, 0, 1, 734.7
30, 1, 192.2, 0, 0, 734.2
31, 1, 0.0, 0, 0, 733.1
31, 2, 90.0, 0, 0, 731.6
30, 2, 180.0, 0, 0, 730.1
30, 1, 270.0, 0, 0, 728.6
31, 1, 0.0, 0, 0, 727.1
31, 2, 90.0, 0, 0, 725.6
31, 3, 90.0, 0, 0, 724.2
30, 3, 180.0, 0, 0, 722.7
29, 3, 180.0, 0, 0, 721.3
29, 2, 270.0, 0, 0, 719.8
29, 1, 270.0, 0, 0, 718.4
30, 1, 0.0, 0, 0, 716.9
31, 1, 0.0, 0, 0, 715.5
31, 2, 90.0, 0, 0, 714.0
31, 3, 90.0, 0, 0, 712.6
30, 3, 180.0, 0, 0, 711.1
29, 3, 180.0, 0, 0, 709.7
28, 3, 180.0, 0, 0, 708.3
28, 2, 270.0, 0, 0, 706.8
28, 1, 270.0, 0, 4, 705.4
28, 1, 270.0, 0, 3, 704.9
28, 1, 270.0, 0, 2, 704.4
28, 1, 270.0, 0, 1, 703.9
28, 1, 270.0, 0, 0, 703.4
28, 1, 270.0, 1, 0, 702.5
29, 1, 0.0, 0, 0, 701.0
30, 1, 0.0, 0, 0, 699.6
31, 1, 0.0, 0, 0, 698.2
30, 2, 90.0, 0, 0, 696.7
30, 3, 90.0, 0, 0, 695.3
30, 4, 90.0, 0, 0, 693.9
29, 4, 180.0, 0, 0, 692.4
28, 4, 180.0, 0, 0, 691.0
27, 3, 180.0, 0, 0, 689.6
27, 2, 270.0, 0, 0, 688.1
27, 1, 270.0, 0, 0, 686.7
27, 1, 270.0, 1, 0, 685.5
27, 1, 270.0, 1, 0, 684.5
28, 1, 0.0, 0, 0, 683.0
29, 1, 0.0, 0, 0, 681.6
30, 1, 0.0, 0, 0, 680.2
31, 1, 0.0, 0, 0, 678.8
30, 2, 90.0, 0, 0, 677.3
30, 3, 90.0, 0, 0, 675.9
30, 4, 90.0, 0, 0, 674.5
30, 5, 90.0, 0, 0, 673.1
29, 5, 180.0, 0, 0, 671.6
28, 5, 180.0, 0, 0, 670.2
27, 5, 180.0, 0, 5, 668.8
27, 5, 180.0, 0, 4, 668.3
27, 5, 180.0, 0, 3, 667.8
27, 5, 180.0, 0, 2, 667.3
27, 5, 180.0, 0, 1, 666.8
27, 5, 180.0, 0, 0, 666.3
26, 4, 180.0, 0, 0, 664.9
26, 3, 270.0, 0, 0, 663.4
26, 2, 270.0, 0, 0, 662.0
26, 1, 270.0, 0, 2, 660.6
26, 1, 270.0, 0, 1, 660.1
26, 1, 270.0, 0, 0, 659.6
26, 1, 270.0, 1, 0, 658.5
26, 1, 250.1, 1, 0, 657.5
25, 1, 130.1, 0, 0, 656.0
24, 2, 130.1, 0, 0, 654.6
24, 3, 130.1, 0, 0, 653.2
23, 4, 130.1, 0, 0, 651.8
22, 4, 130.1, 0, 0, 650.4
22, 5, 130.1, 0, 0, 649.0
21, 6, 130.1, 0, 0, 647.6
20, 7, 130.1, 0, 0, 646.2
20, 7, 130.1, 0, 0, 644.8
19, 8, 130.1, 0, 0, 643.4
18, 9, 130.1, 0, 0, 642.0
18, 10, 130.1, 0, 0, 640.6
17, 10, 130.1, 0, 0, 639.2
16, 11, 130.1, 0, 0, 637.8
16, 12, 130.1, 0, 0, 636.4
15, 13, 130.1, 0, 0, 635.0
15, 14, 130.1, 0, 0, 633.6
14, 14, 130.1, 0, 0, 632.2
13, 15, 130.1, 0, 0, 630.8
13, 16, 130.1, 0, 0, 629.4
12, 17, 130.1, 0, 0, 628.0
11, 17, 130.1, 0, 0, 626.6
11, 18, 130.1, 0, 0, 625.2
10, 19, 130.1, 0, 0, 623.8
9, 20, 130.1, 0, 3, 622.4
9, 20, 130.1, 0, 2, 621.9
9, 20, 130.1, 0, 1, 621.4
9, 20, 130.1, 0, 0, 620.9
10, 20, 0.0, 0, 0, 619.8
10, 21, 90.0, 0, 0, 618.3
9, 21, 180.0, 0, 0, 616.8
9, 20, 270.0, 0, 0, 615.3
10, 20, 0.0, 0, 0, 613.8
10, 21, 90.0, 0, 0, 612.3
10, 22, 90.0, 0, 0, 610.9
9, 22, 180.0, 0, 0, 609.4
8, 22, 180.0, 0, 2, 608.0
8, 22, 270.0, 0, 1, 607.4
8, 22, 270.0, 0, 0, 606.9
8, 21, 270.0, 0, 0, 605.5
8, 20, 270.0, 0, 0, 604.1
9, 20, 0.0, 0, 0, 602.6
10, 20, 0.0, 0, 0, 601.2
10, 21, 90.0, 0, 0, 599.7
10, 22, 90.0, 0, 0, 598.3
9, 22, 180.0, 0, 0, 596.8
8, 22, 180.0, 0, 0, 595.4
7, 22, 180.0, 0, 0, 594.0
7, 21, 270.0, 0, 0, 592.5
7, 20, 270.0, 0, 3, 591.1
7, 20, 270.0, 0, 2, 590.6
7, 20, 270.0, 0, 1, 590.1
7, 20, 270.0, 0, 0, 589.6
7, 19, 270.0, 0, 0, 588.2
8, 19, 0.0, 0, 0, 586.7
9, 19, 0.0, 0, 0, 585.3
10, 19, 0.0, 0, 0, 583.9
10, 20, 90.0, 0, 0, 582.4
10, 21, 90.0, 0, 0, 581.0
10, 22, 90.0, 0, 0, 579.6
9, 22, 180.0, 0, 0, 578.1
8, 22, 180.0, 0, 0, 576.7
7, 22, 180.0, 0, 0, 575.3
7, 21, 270.0, 0, 0, 573.8
7, 20, 270.0, 0, 0, 572.4
7, 19, 270.0, 0, 0, 571.0
7, 18, 270.0, 0, 0, 569.6
8, 18, 0.0, 0, 2, 568.1
8, 18, 0.0, 0, 1, 567.6
8, 18, 0.0, 0, 0, 567.1
9, 18, 0.0, 0, 0, 565.7
10, 18, 0.0, 0, 0, 564.3
11, 18, 0.0, 0, 0, 562.9
11, 19, 90.0, 0, 0, 561.4
11, 20, 90.0, 0, 0, 560.0
11, 21, 90.0, 0, 0, 558.6
11, 22, 90.0, 0, 0, 557.2
10, 22, 180.0, 0, 0, 555.7
9, 22, 180.0, 0, 0, 554.3
8, 22, 180.0, 0, 0, 552.9
7, 22, 180.0, 0, 0, 551.5
7, 21, 270.0, 0, 0, 550.0
7, 20, 270.0, 0, 0, 548.6
7, 19, 270.0, 0, 0, 547.2
7, 18, 270.0, 0, 0, 545.8
8, 17, 341.9, 0, 0, 544.2
9, 17, 341.9, 0, 0, 542.8
10, 17, 341.9, 0, 0, 541.4
11, 16, 341.9, 0, 0, 540.0
12, 16, 341.9, 0, 0, 538.6
13, 16, 341.9, 0, 0, 537.2
14, 15, 341.9, 0, 0, 535.8
15, 15, 341.9, 0, 0, 534.4
16, 15, 341.9, 0, 0, 533.0
17, 15, 341.9, 0, 0, 531.6
18, 14, 341.9, 0, 0, 530.2
18, 14, 341.9, 1, 0, 529.5
18, 14, 80.4, 0, 0, 528.0
18, 15, 80.4, 0, 0, 526.6
18, 16, 80.4, 0, 0, 525.2
18, 17, 80.4, 0, 0, 523.8
18, 18, 80.4, 0, 0, 522.4
18, 18, 80.4, 1, 0, 521.5
18, 18, 5.7, 0, 0, 520.0
18, 18, 5.7, 1, 0, 519.5
17, 18, 176.3, 0, 0, 518.0
16, 18, 176.3, 0, 0, 516.6
15, 18, 176.3, 0, 0, 515.2
14, 18, 176.3, 0, 0, 513.8
13, 18, 176.3, 0, 0, 512.4
12, 18, 176.3, 0, 0, 511.0
11, 18, 176.3, 0, 0, 509.6
10, 18, 176.3, 0, 0, 508.2
9, 18, 176.3, 0, 0, 506.8
8, 18, 176.3, 0, 0, 505.4
7, 18, 176.3, 0, 0, 504.0
6, 18, 176.3, 0, 0, 502.6
5, 18, 176.3, 0, 4, 501.2
5, 18, 176.3, 0, 3, 500.7
5, 18, 176.3, 0, 2, 500.2
5, 18, 176.3, 0, 1, 499.7
5, 18, 176.3, 0, 0, 499.2
6, 18, 0.0, 0, 0, 498.1
6, 19, 90.0, 0, 0, 496.6
5, 19, 180.0, 0, 0, 495.1
5, 18, 270.0, 0, 0, 493.6
6, 18, 0.0, 0, 0, 492.1
6, 19, 90.0, 0, 0, 490.6
6, 20, 90.0, 0, 5, 489.2
6, 20, 180.0, 0, 4, 488.6
6, 20, 180.0, 0, 3, 488.1
6, 20, 180.0, 0, 2, 487.6
6, 20, 180.0, 0, 1, 487.1
6, 20, 180.0, 0, 0, 486.6
5, 20, 180.0, 0, 0, 485.2
4, 20, 180.0, 0, 0, 483.8
4, 19, 270.0, 0, 0, 482.3
4, 18, 270.0, 0, 0, 480.9
5, 18, 0.0, 0, 0, 479.4
6, 18, 0.0, 0, 0, 478.0
6, 19, 90.0, 0, 0, 476.5
6, 20, 90.0, 0, 0, 475.1
5, 20, 180.0, 0, 0, 473.6
4, 20, 180.0, 0, 0, 472.2
3, 20, 180.0, 0, 0, 470.8
3, 19, 270.0, 0, 4, 469.3
3, 19, 270.0, 0, 3, 468.8
3, 19, 270.0, 0, 2, 468.3
3, 19, 270.0, 0, 1, 467.8
3, 19, 270.0, 0, 0, 467.3
3, 18, 270.0, 0, 0, 465.9
3, 17, 270.0, 0, 0, 464.5
4, 17, 0.0, 0, 0, 463.0
5, 17, 0.0, 0, 0, 461.6
6, 17, 0.0, 0, 0, 460.2
6, 18, 90.0, 0, 0, 458.7
6, 19, 90.0, 0, 0, 457.3
6, 20, 90.0, 0, 0, 455.9
5, 20, 180.0, 0, 0, 454.4
4, 20, 180.0, 0, 0, 453.0
3, 20, 180.0, 0, 0, 451.6
3, 19, 270.0, 0, 0, 450.1
3, 18, 270.0, 0, 0, 448.7
3, 17, 270.0, 0, 0, 447.3
3, 16, 270.0, 0, 0, 445.9
4, 16, 0.0, 0, 0, 444.4
5, 16, 0.0, 0, 0, 443.0
6, 16, 0.0, 0, 0, 441.6
7, 16, 0.0, 0, 0, 440.2
7, 17, 90.0, 0, 0, 438.7
7, 18, 90.0, 0, 0, 437.3
7, 19, 90.0, 0, 0, 435.9
7, 20, 90.0, 0, 0, 434.5
6, 20, 180.0, 0, 0, 433.0
5, 20, 180.0, 0, 0, 431.6
4, 20, 180.0, 0, 0, 430.2
3, 20, 180.0, 0, 0, 428.8
3, 19, 270.0, 0, 0, 427.3
3, 18, 270.0, 0, 0, 425.9
3, 17, 270.0, 0, 0, 424.5
3, 16, 270.0, 0, 0, 423.1
2, 16, 185.6, 0, 0, 421.5
1, 16, 185.6, 0, 0, 420.1
1, 16, 185.6, 1, 0, 419.5
1, 16, 36.9, 0, 0, 418.0
2, 17, 36.9, 0, 0, 416.6
3, 17, 36.9, 0, 0, 415.2
4, 18, 36.9, 0, 0, 413.8
4, 19, 36.9, 0, 0, 412.4
5, 19, 36.9, 0, 0, 411.0
6, 20, 36.9, 0, 0, 409.6
7, 20, 36.9, 0, 0, 408.2
8, 21, 36.9, 0, 0, 406.8
8, 22, 36.9, 0, 0, 405.4
9, 22, 36.9, 0, 0, 404.0
10, 23, 36.9, 0, 0, 402.6
11, 23, 36.9, 0, 0, 401.2
12, 24, 36.9, 0, 0, 399.8
12, 25, 36.9, 0, 0, 398.4
13, 25, 36.9, 0, 0, 397.0
14, 26, 36.9, 0, 0, 395.6
15, 26, 36.9, 0, 0, 394.2
16, 27, 36.9, 0, 0, 392.8
16, 28, 36.9, 0, 0, 391.4
17, 28, 36.9, 0, 0, 390.0
17, 28, 36.9, 1, 0, 389.5
17, 28, 76.1, 0, 0, 388.0
17, 28, 76.1, 1, 0, 387.5
16, 28, 120.3, 0, 0, 386.0
16, 28, 120.3, 1, 0, 385.5
15, 27, 261.3, 0, 0, 384.0
15, 26, 261.3, 0, 0, 382.6
15, 25, 261.3, 0, 0, 381.2
15, 24, 261.3, 0, 0, 379.8
15, 23, 261.3, 0, 0, 378.4
15, 22, 261.3, 0, 0, 377.0
14, 21, 261.3, 0, 0, 375.6
14, 20, 261.3, 0, 0, 374.2
14, 19, 261.3, 0, 0, 372.8
14, 18, 261.3, 0, 0, 371.4
14, 17, 261.3, 0, 0, 370.0
14, 16, 261.3, 0, 0, 368.6
14, 15, 261.3, 0, 0, 367.2
13, 14, 261.3, 0, 0, 365.8
13, 13, 261.3, 0, 4, 364.4
13, 13, 261.3, 0, 3, 363.9
13, 13, 261.3, 0, 2, 363.4
13, 13, 261.3, 0, 1, 362.9
13, 13, 261.3, 0, 0, 362.4
14, 13, 0.0, 0, 0, 361.3
14, 14, 90.0, 0, 0, 359.8
13, 14, 180.0, 0, 0, 358.3
13, 13, 270.0, 0, 0, 356.8
14, 13, 0.0, 0, 0, 355.3
14, 14, 90.0, 0, 0, 353.8
14, 15, 90.0, 0, 0, 352.4
13, 15, 180.0, 0, 0, 350.9
12, 15, 180.0, 0, 0, 349.5
12, 14, 270.0, 0, 0, 348.0
12, 13, 270.0, 0, 0, 346.6
13, 13, 0.0, 0, 0, 345.1
14, 13, 0.0, 0, 0, 343.7
14, 14, 90.0, 0, 0, 342.2
14, 15, 90.0, 0, 0, 340.8
13, 15, 180.0, 0, 0, 339.3
12, 15, 180.0, 0, 0, 337.9
11, 15, 180.0, 0, 0, 336.5
11, 14, 270.0, 0, 0, 335.0
11, 13, 270.0, 0, 0, 333.6
11, 12, 270.0, 0, 0, 332.2
12, 12, 0.0, 0, 0, 330.7
13, 12, 0.0, 0, 0, 329.3
14, 12, 0.0, 0, 0, 327.9
14, 13, 90.0, 0, 0, 326.4
14, 14, 90.0, 0, 0, 325.0
14, 15, 90.0, 0, 0, 323.6
13, 15, 180.0, 0, 0, 322.1
12, 15, 180.0, 0, 0, 320.7
11, 15, 180.0, 0, 0, 319.3
11, 14, 270.0, 0, 0, 317.8
11, 13, 270.0, 0, 0, 316.4
11, 12, 270.0, 0, 0, 315.0
11, 11, 270.0, 0, 0, 313.6
12, 11, 0.0, 0, 3, 312.1
12, 11, 0.0, 0, 2, 311.6
12, 11, 0.0, 0, 1, 311.1
12, 11, 0.0, 0, 0, 310.6
13, 11, 0.0, 0, 0, 309.2
14, 11, 0.0, 0, 0, 307.8
15, 11, 0.0, 0, 0, 306.4
15, 12, 90.0, 0, 0, 304.9
15, 13, 90.0, 0, 0, 303.5
15, 14, 90.0, 0, 0, 302.1
15, 15, 90.0, 0, 0, 300.7
14, 15, 180.0, 0, 0, 299.2
13, 15, 180.0, 0, 0, 297.8
12, 15, 180.0, 0, 0, 296.4
11, 15, 180.0, 0, 0, 295.0
11, 14, 270.0, 0, 0, 293.5
11, 13, 270.0, 0, 0, 292.1
11, 12, 270.0, 0, 0, 290.7
11, 11, 270.0, 0, 0, 289.3
10, 10, 204.3, 0, 0, 287.7
11, 11, 45.0, 0, 0, 286.2
12, 12, 56.3, 0, 0, 284.7
12, 13, 56.3, 0, 0, 283.2
13, 13, 56.3, 0, 0, 281.7
13, 14, 76.0, 0, 0, 280.2
13, 15, 76.0, 0, 0, 278.7
14, 15, 0.0, 0, 0, 277.6
14, 14, -90.0, 0, 0, 276.1
15, 14, 0.0, 0, 0, 275.0
15, 13, -90.0, 0, 0, 273.5
16, 13, -45.0, 0, 0, 272.0
16, 12, -90.0, 0, 0, 270.5
16, 11, -63.4, 0, 0, 269.0
17, 10, -26.6, 0, 0, 267.5
18, 10, -45.0, 0, 0, 266.0
18, 9, -63.4, 0, 0, 264.5
19, 8, -45.0, 0, 0, 263.0
20, 7, -45.0, 0, 0, 261.5
20, 7, -45.0, 0, 0, 260.0
21, 6, -45.0, 0, 0, 258.5
22, 5, -63.4, 0, 0, 257.0
22, 4, -45.0, 0, 0, 255.5
23, 4, -26.6, 0, 0, 254.0
24, 3, -63.4, 0, 0, 252.5
24, 2, -63.4, 0, 0, 251.0
25, 2, -26.6, 0, 0, 249.5
26, 1, -45.0, 0, 0, 248.0
27, 1, 0.0, 0, 0, 246.9
28, 1, 0.0, 0, 0, 245.8
29, 1, 0.0, 0, 0, 244.7
30, 1, 14.0, 0, 0, 243.2
31, 1, 14.0, 0, 0, 241.7
32, 2, 14.0, 0, 0, 240.2
33, 2, 0.0, 0, 0, 239.1
34, 2, 0.0, 0, 0, 238.0
35, 2, 14.0, 0, 0, 236.5
36, 2, 0.0, 0, 0, 235.4
35, 2, 153.4, 0, 0, 233.9
34, 3, 116.6, 0, 0, 232.4
34, 4, 90.0, 0, 0, 230.9
34, 5, 90.0, 0, 0, 229.4
34, 6, 90.0, 0, 0, 227.9
34, 7, 90.0, 0, 0, 226.4
34, 8, 90.0, 0, 0, 224.9
34, 9, 90.0, 0, 0, 223.4
34, 10, 90.0, 0, 0, 221.9
34, 11, 116.6, 0, 0, 220.4
33, 12, 116.6, 0, 0, 218.9
33, 13, 90.0, 0, 0, 217.4
33, 14, 90.0, 0, 0, 215.9
33, 15, 90.0, 0, 0, 214.4
33, 16, 90.0, 0, 0, 212.9
33, 17, 90.0, 0, 0, 211.4
33, 18, 90.0, 0, 0, 209.9
33, 19, 90.0, 0, 0, 208.4
33, 20, 90.0, 0, 0, 206.9
34, 20, 18.4, 0, 0, 205.4
35, 21, 11.3, 0, 0, 203.9
36, 21, 0.0, 0, 0, 202.8
37, 21, 0.0, 0, 0, 201.7
37, 21, 0.0, 1, 0, 200.5
37, 21, 0.0, 1, 0, 199.5
37, 21, 0.0, 1, 0, 198.5
37, 21, 0.0, 1, 0, 197.5
37, 21, 0.0, 1, 0, 196.5
37, 21, 26.6, 0, 0, 195.0
38, 22, 33.7, 0, 0, 193.5
39, 22, 18.4, 0, 0, 192.0
40, 22, 33.7, 0, 0, 190.5
41, 23, 33.7, 0, 0, 189.0
42, 24, 45.0, 0, 0, 187.5
42, 24, 45.0, 0, 0, 186.0
43, 25, 33.7, 0, 0, 184.5
44, 25, 33.7, 0, 0, 183.0
45, 26, 45.0, 0, 0, 181.5
45, 27, 45.0, 0, 0, 180.0
46, 27, 26.6, 0, 0, 178.5
47, 28, 26.6, 0, 0, 177.0
48, 28, 0.0, 0, 0, 175.9
47, 28, 180.0, 0, 0, 174.4
46, 28, 180.0, 0, 0, 172.9
45, 28, 180.0, 0, 0, 171.4
44, 28, 180.0, 0, 0, 169.9
43, 28, 180.0, 0, 0, 168.4
42, 28, 180.0, 0, 0, 166.9
41, 28, 180.0, 0, 0, 165.4
40, 28, 180.0, 0, 0, 163.9
39, 28, 180.0, 0, 0, 162.4
38, 28, 180.0, 0, 0, 160.9
37, 28, 180.0, 0, 0, 159.4
36, 28, 180.0, 0, 0, 157.9
35, 28, 180.0, 0, 0, 156.4
34, 28, 180.0, 0, 0, 154.9
34, 28, 180.0, 0, 0, 164.9
34, 28, 180.0, 0, 0, 174.9
34, 28, 180.0, 0, 0, 184.9
34, 28, 180.0, 0, 0, 194.9
34, 28, 180.0, 0, 0, 204.9
34, 28, 180.0, 0, 0, 214.9
34, 28, 180.0, 0, 0, 224.9
34, 28, 180.0, 0, 0, 234.9
34, 28, 180.0, 0, 0, 244.9
34, 28, 180.0, 0, 0, 254.9
34, 28, 180.0, 0, 0, 264.9
34, 28, 180.0, 0, 0, 274.9
34, 28, 180.0, 0, 0, 284.9
34, 28, 180.0, 0, 0, 294.9
34, 28, 180.0, 0, 0, 304.9
34, 28, 180.0, 0, 0, 314.9
34, 28, 180.0, 0, 0, 324.9
34, 28, 180.0, 0, 0, 334.9
34, 28, 180.0, 0, 0, 344.9
34, 28, 180.0, 0, 0, 354.9
34, 28, 180.0, 0, 0, 364.9
34, 28, 180.0, 0, 0, 374.9
34, 28, 180.0, 0, 0, 384.9
34, 28, 180.0, 0, 0, 394.9
34, 28, 180.0, 0, 0, 404.9
34, 28, 180.0, 0, 0, 414.9
34, 28, 180.0, 0, 0, 424.9
34, 28, 180.0, 0, 0, 434.9
34, 28, 180.0, 0, 0, 444.9
34, 28, 180.0, 0, 0, 454.9
34, 28, 180.0, 0, 0, 464.9
34, 28, 180.0, 0, 0, 474.9
34, 28, 180.0, 0, 0, 484.9
34, 28, 180.0, 0, 0, 494.9
34, 28, 180.0, 0, 0, 504.9
34, 28, 180.0, 0, 0, 514.9
34, 28, 180.0, 0, 0, 524.9
34, 28, 180.0, 0, 0, 534.9
34, 28, 180.0, 0, 0, 544.9
34, 28, 180.0, 0, 0, 554.9
34, 28, 180.0, 0, 0, 564.9
34, 28, 180.0, 0, 0, 574.9
34, 28, 180.0, 0, 0, 584.9
34, 28, 180.0, 0, 0, 594.9
34, 28, 180.0, 0, 0, 604.9
34, 28, 180.0, 0, 0, 614.9
34, 28, 180.0, 0, 0, 624.9
34, 28, 180.0, 0, 0, 634.9
34, 28, 180.0, 0, 0, 644.9
34, 28, 180.0, 0, 0, 654.9
34, 28, 180.0, 0, 0, 664.9
34, 28, 180.0, 0, 0, 674.9
34, 28, 180.0, 0, 0, 684.9
34, 28, 180.0, 0, 0, 694.9
34, 28, 180.0, 0, 0, 704.9
34, 28, 180.0, 0, 0, 714.9
34, 28, 180.0, 0, 0, 724.9
34, 28, 180.0, 0, 0, 734.9
34, 28, 180.0, 0, 0, 744.9
34, 28, 180.0, 0, 0, 754.9
34, 28, 180.0, 0, 0, 764.9
34, 28, 180.0, 0, 0, 774.9
34, 28, 180.0, 0, 0, 784.9
34, 28, 180.0, 0, 0, 794.9
34, 28, 180.0, 0, 0, 804.9
34, 28, 180.0, 0, 0, 814.9
34, 28, 180.0, 0, 0, 824.9
34, 28, 180.0, 0, 0, 834.9
34, 28, 180.0, 0, 0, 844.9
34, 28, 180.0, 0, 0, 854.9
34, 28, 180.0, 0, 0, 864.9
34, 28, 180.0, 0, 0, 874.9
34, 28, 180.0, 0, 0, 884.9
34, 28, 180.0, 0, 0, 894.9
34, 28, 180.0, 0, 0, 904.9
34, 28, 180.0, 0, 0, 914.9
34, 28, 180.0, 0, 0, 924.9
34, 28, 180.0, 0, 0, 934.9
34, 28, 180.0, 0, 0, 944.9
34, 28, 180.0, 0, 0, 954.9
34, 28, 180.0, 0, 0, 964.9
34, 28, 180.0, 0, 0, 974.9
34, 28, 180.0, 0, 0, 984.9
34, 28, 180.0, 0, 0, 994.9
34, 28, 180.0, 0, 0, 1000.0
33, 28, 180.0, 0, 0, 998.6
32, 28, 180.0, 0, 0, 997.2
31, 28, 180.0, 0, 0, 995.8
30, 28, 180.0, 0, 0, 994.4
29, 28, 180.0, 0, 0, 993.0
28, 28, 180.0, 0, 0, 991.6
27, 28, 180.0, 0, 0, 990.2
26, 28, 180.0, 0, 0, 988.8
25, 28, 180.0, 0, 0, 987.4
24, 28, 180.0, 0, 0, 986.0
23, 28, 180.0, 0, 0, 984.6
22, 28, 180.0, 0, 0, 983.2
21, 28, 180.0, 0, 0, 981.8
20, 28, 180.0, 0, 0, 980.4
20, 28, 180.0, 1, 0, 979.5
20, 28, 96.4, 1, 0, 978.5
20, 28, 142.9, 1, 0, 977.5
20, 28, 184.7, 1, 0, 976.5
20, 27, 323.4, 0, 0, 975.0
21, 26, 323.4, 0, 0, 973.6
22, 26, 323.4, 0, 0, 972.2
23, 25, 323.4, 0, 0, 970.8
24, 25, 323.4, 0, 0, 969.4
24, 24, 323.4, 0, 0, 968.0
25, 23, 323.4, 0, 0, 966.6
26, 23, 323.4, 0, 0, 965.2
27, 22, 323.4, 0, 0, 963.8
28, 22, 323.4, 0, 0, 962.4
28, 21, 323.4, 0, 0, 961.0
29, 20, 323.4, 0, 0, 959.6
30, 20, 323.4, 0, 0, 958.2
31, 19, 323.4, 0, 0, 956.8
32, 19, 323.4, 0, 0, 955.4
32, 18, 323.4, 0, 0, 954.0
33, 17, 323.4, 0, 0, 952.6
34, 17, 323.4, 0, 0, 951.2
35, 16, 323.4, 0, 0, 949.8
36, 16, 323.4, 0, 0, 948.4
36, 15, 323.4, 0, 0, 947.0
37, 14, 323.4, 0, 0, 945.6
37, 14, 323.4, 1, 0, 944.5
37, 14, 52.3, 0, 0, 943.0
37, 14, 52.3, 1, 0, 942.5
37, 13, 299.5, 0, 0, 941.0
37, 12, 299.5, 0, 0, 939.6
38, 11, 299.5, 0, 0, 938.2
38, 10, 299.5, 0, 0, 936.8
39, 9, 299.5, 0, 0, 935.4
39, 8, 299.5, 0, 0, 934.0
40, 7, 299.5, 0, 0, 932.6
40, 7, 299.5, 0, 0, 931.2
41, 6, 299.5, 0, 0, 929.8
41, 5, 299.5, 0, 0, 928.4
42, 4, 299.5, 0, 0, 927.0
42, 3, 299.5, 0, 0, 925.6
43, 2, 299.5, 0, 0, 924.2
43, 1, 299.5, 0, 0, 922.8
43, 1, 299.5, 1, 0, 921.5
43, 1, 232.4, 1, 0, 920.5
42, 1, 142.2, 0, 0, 919.0
41, 2, 142.2, 0, 0, 917.6
40, 2, 142.2, 0, 0, 916.2
39, 3, 142.2, 0, 0, 914.8
39, 4, 142.2, 0, 0, 913.4
38, 4, 142.2, 0, 0, 912.0
37, 5, 142.2, 0, 0, 910.6
36, 5, 142.2, 0, 2, 909.2
36, 5, 142.2, 0, 1, 908.7
36, 5, 142.2, 0, 0, 908.2
36, 4, 256.0, 0, 0, 906.7
36, 3, 256.0, 0, 0, 905.3
35, 2, 256.0, 0, 0, 903.9
35, 2, 256.0, 0, 0, 902.5
35, 1, 256.0, 0, 0, 901.1
35, 1, 256.0, 1, 0, 900.5
35, 1, 281.8, 1, 0, 899.5
35, 1, 316.2, 1, 0, 898.5
34, 1, 93.8, 0, 3, 897.0
34, 1, 93.8, 0, 2, 896.5
34, 1, 93.8, 0, 1, 896.0
34, 1, 93.8, 0, 0, 895.5
34, 2, 146.6, 0, 0, 894.0
33, 3, 146.6, 0, 0, 892.6
32, 3, 146.6, 0, 0, 891.2
31, 4, 146.6, 0, 0, 889.8
30, 4, 146.6, 0, 0, 888.4
29, 5, 146.6, 0, 0, 887.0
29, 5, 146.6, 0, 0, 885.6
28, 6, 146.6, 0, 0, 884.2
27, 6, 146.6, 0, 0, 882.8
26, 7, 146.6, 0, 0, 881.4
25, 8, 146.6, 0, 0, 880.0
24, 8, 146.6, 0, 0, 878.6
24, 9, 146.6, 0, 0, 877.2
23, 9, 146.6, 0, 0, 875.8
22, 10, 146.6, 0, 0, 874.4
21, 10, 146.6, 0, 0, 873.0
20, 11, 146.6, 0, 0, 871.6
19, 11, 146.6, 0, 0, 870.2
19, 12, 146.6, 0, 0, 868.8
18, 12, 146.6, 0, 0, 867.4
17, 13, 146.6, 0, 0, 866.0
16, 14, 146.6, 0, 0, 864.6
15, 14, 146.6, 0, 0, 863.2
14, 15, 146.6, 0, 0, 861.8
14, 15, 146.6, 0, 0, 860.4
13, 16, 146.6, 0, 0, 859.0
12, 16, 146.6, 0, 0, 857.6
11, 17, 146.6, 0, 0, 856.2
10, 17, 146.6, 0, 0, 854.8
9, 18, 146.6, 0, 0, 853.4
9, 19, 146.6, 0, 0, 852.0
8, 19, 146.6, 0, 0, 850.6
7, 20, 146.6, 0, 0, 849.2
6, 20, 146.6, 0, 0, 847.8
5, 21, 146.6, 0, 0, 846.4
4, 21, 146.6, 0, 0, 845.0
4, 22, 146.6, 0, 0, 843.6
3, 22, 146.6, 0, 0, 842.2
2, 23, 146.6, 0, 1, 840.8
2, 23, 146.6, 0, 0, 840.3
3, 23, 350.0, 0, 0, 838.8
4, 23, 350.0, 0, 0, 837.4
5, 22, 350.0, 0, 0, 836.0
6, 22, 350.0, 0, 0, 834.6
7, 22, 350.0, 0, 0, 833.2
8, 22, 350.0, 0, 0, 831.8
9, 22, 350.0, 0, 0, 830.4
10, 22, 350.0, 0, 0, 829.0
11, 21, 350.0, 0, 0, 827.6
12, 21, 350.0, 0, 0, 826.2
13, 21, 350.0, 0, 2, 824.8
13, 21, 350.0, 0, 1, 824.3
13, 21, 350.0, 0, 0, 823.8
13, 22, 43.8, 0, 0, 822.3
14, 22, 43.8, 0, 0, 820.9
15, 23, 43.8, 0, 0, 819.5
16, 24, 43.8, 0, 0, 818.1
16, 24, 43.8, 0, 0, 816.7
17, 25, 43.8, 0, 0, 815.3
18, 26, 43.8, 0, 0, 813.9
18, 27, 43.8, 0, 0, 812.5
18, 27, 43.8, 1, 0, 811.5
17, 26, 201.5, 0, 0, 810.0
16, 26, 201.5, 0, 0, 808.6
15, 25, 201.5, 0, 0, 807.2
14, 25, 201.5, 0, 4, 805.8
14, 25, 201.5, 0, 3, 805.3
14, 25, 201.5, 0, 2, 804.8
14, 25, 201.5, 0, 1, 804.3
14, 25, 201.5, 0, 0, 803.8
14, 26, 56.3, 0, 0, 802.3
15, 27, 56.3, 0, 0, 800.9
15, 28, 56.3, 0, 0, 799.5
16, 28, 56.3, 0, 0, 798.1
16, 28, 56.3, 1, 0, 797.5
15, 27, 247.1, 0, 0, 796.0
15, 26, 247.1, 0, 0, 794.6
14, 25, 247.1, 0, 0, 793.2
14, 24, 247.1, 0, 0, 791.8
14, 23, 247.1, 0, 0, 790.4
13, 22, 247.1, 0, 0, 789.0
13, 21, 247.1, 0, 0, 787.6
12, 20, 247.1, 0, 0, 786.2
12, 19, 247.1, 0, 0, 784.8
12, 18, 247.1, 0, 0, 783.4
11, 17, 247.1, 0, 0, 782.0
11, 16, 247.1, 0, 0, 780.6
10, 16, 247.1, 0, 1, 779.2
10, 16, 247.1, 0, 0, 778.7
10, 15, 237.0, 0, 0, 777.2
9, 14, 237.0, 0, 0, 775.8
9, 13, 237.0, 0, 0, 774.4
8, 12, 237.0, 0, 2, 773.0
8, 12, 237.0, 0, 1, 772.5
8, 12, 237.0, 0, 0, 772.0
9, 12, 342.0, 0, 0, 770.5
10, 12, 342.0, 0, 0, 769.1
11, 11, 342.0, 0, 0, 767.7
12, 11, 342.0, 0, 0, 766.3
13, 11, 342.0, 0, 0, 764.9
14, 10, 342.0, 0, 0, 763.5
15, 10, 342.0, 0, 0, 762.1
16, 10, 342.0, 0, 0, 760.7
17, 9, 342.0, 0, 0, 759.3
18, 9, 342.0, 0, 0, 757.9
19, 9, 342.0, 0, 0, 756.5
20, 8, 342.0, 0, 0, 755.1
21, 8, 342.0, 0, 0, 753.7
22, 8, 342.0, 0, 0, 752.3
23, 8, 342.0, 0, 0, 750.9
23, 7, 342.0, 0, 0, 749.5
24, 7, 342.0, 0, 0, 748.1
25, 7, 342.0, 0, 5, 746.7
25, 7, 342.0, 0, 4, 746.2
25, 7, 342.0, 0, 3, 745.7
25, 7, 342.0, 0, 2, 745.2
25, 7, 342.0, 0, 1, 744.7
25, 7, 342.0, 0, 0, 744.2
26, 7, 52.7, 0, 0, 742.7
27, 8, 52.7, 0, 0, 741.3
27, 9, 52.7, 0, 0, 739.9
28, 10, 52.7, 0, 0, 738.5
28, 11, 52.7, 0, 0, 737.1
29, 11, 52.7, 0, 0, 735.7
30, 12, 52.7, 0, 0, 734.3
30, 13, 52.7, 0, 0, 732.9
31, 14, 52.7, 0, 0, 731.5
31, 15, 52.7, 0, 0, 730.1
32, 15, 52.7, 0, 0, 728.7
33, 16, 52.7, 0, 0, 727.3
33, 17, 52.7, 0, 0, 725.9
34, 18, 52.7, 0, 0, 724.5
34, 19, 52.7, 0, 0, 723.1
35, 19, 52.7, 0, 0, 721.7
36, 20, 52.7, 0, 0, 720.3
36, 21, 52.7, 0, 0, 718.9
37, 22, 52.7, 0, 0, 717.5
37, 23, 52.7, 0, 0, 716.1
38, 23, 52.7, 0, 0, 714.7
39, 24, 52.7, 0, 0, 713.3
39, 25, 52.7, 0, 0, 711.9
40, 26, 52.7, 0, 0, 710.5
41, 26, 52.7, 0, 0, 709.1
41, 27, 52.7, 0, 0, 707.7
42, 28, 52.7, 0, 0, 706.3
42, 28, 52.7, 1, 0, 705.5
42, 28, 24.5, 0, 0, 704.0
43, 28, 24.5, 0, 0, 702.6
43, 28, 24.5, 1, 0, 701.5
42, 27, 227.9, 0, 0, 700.0
41, 26, 227.9, 0, 0, 698.6
40, 25, 227.9, 0, 0, 697.2
40, 25, 227.9, 0, 0, 695.8
39, 24, 227.9, 0, 0, 694.4
38, 23, 227.9, 0, 0, 693.0
38, 22, 227.9, 0, 0, 691.6
37, 22, 227.9, 0, 0, 690.2
36, 21, 227.9, 0, 0, 688.8
36, 20, 227.9, 0, 0, 687.4
35, 19, 227.9, 0, 0, 686.0
34, 19, 227.9, 0, 0, 684.6
34, 18, 227.9, 0, 0, 683.2
33, 17, 227.9, 0, 0, 681.8
32, 16, 227.9, 0, 0, 680.4
32, 16, 227.9, 0, 0, 679.0
31, 15, 227.9, 0, 0, 677.6
30, 14, 227.9, 0, 0, 676.2
30, 13, 227.9, 0, 0, 674.8
29, 13, 227.9, 0, 0, 673.4
28, 12, 227.9, 0, 0, 672.0
28, 11, 227.9, 0, 0, 670.6
27, 10, 227.9, 0, 0, 669.2
26, 10, 227.9, 0, 0, 667.8
26, 9, 227.9, 0, 0, 666.4
25, 8, 227.9, 0, 0, 665.0
24, 7, 227.9, 0, 0, 663.6
24, 7, 227.9, 0, 0, 662.2
23, 6, 227.9, 0, 0, 660.8
22, 5, 227.9, 0, 0, 659.4
22, 4, 227.9, 0, 0, 658.0
21, 4, 227.9, 0, 0, 656.6
20, 3, 227.9, 0, 0, 655.2
20, 2, 227.9, 0, 0, 653.8
19, 2, 227.9, 0, 0, 652.4
18, 1, 227.9, 0, 0, 651.0
18, 1, 227.9, 1, 0, 649.5
18, 1, 224.0, 1, 0, 648.5
18, 1, 6.3, 0, 0, 647.0
19, 1, 6.3, 0, 0, 645.6
20, 1, 6.3, 0, 0, 644.2
21, 1, 6.3, 0, 0, 642.8
22, 1, 6.3, 0, 0, 641.4
23, 1, 6.3, 0, 0, 640.0
24, 1, 6.3, 0, 0, 638.6
25, 1, 6.3, 0, 0, 637.2
26, 1, 6.3, 0, 0, 635.8
27, 2, 6.3, 0, 0, 634.4
28, 2, 6.3, 0, 0, 633.0
29, 2, 6.3, 0, 0, 631.6
30, 2, 6.3, 0, 0, 630.2
31, 2, 6.3, 0, 0, 628.8
32, 2, 6.3, 0, 0, 627.4
33, 2, 6.3, 0, 0, 626.0
34, 2, 6.3, 0, 0, 624.6
35, 2, 6.3, 0, 0, 623.2
36, 3, 6.3, 0, 0, 621.8
37, 3, 6.3, 0, 0, 620.4
38, 3, 6.3, 0, 0, 619.0
39, 3, 6.3, 0, 0, 617.6
40, 3, 6.3, 0, 0, 616.2
41, 3, 6.3, 0, 0, 614.8
42, 3, 6.3, 0, 0, 613.4
43, 3, 6.3, 0, 0, 612.0
44, 3, 6.3, 0, 0, 610.6
45, 4, 6.3, 0, 0, 609.2
46, 4, 6.3, 0, 0, 607.8
47, 4, 6.3, 0, 0, 606.4
48, 4, 6.3, 0, 0, 605.0
48, 4, 6.3, 1, 0, 603.5
48, 4, 35.4, 0, 0, 602.0
48, 4, 35.4, 1, 0, 601.5
47, 3, 242.7, 0, 0, 600.0
47, 2, 242.7, 0, 0, 598.6
46, 1, 242.7, 0, 0, 597.2
46, 1, 242.7, 1, 0, 596.5
46, 1, 64.3, 0, 0, 595.0
46, 2, 64.3, 0, 0, 593.6
47, 3, 64.3, 0, 0, 592.2
47, 4, 64.3, 0, 0, 590.8
48, 5, 64.3, 0, 0, 589.4
48, 6, 64.3, 0, 0, 588.0
48, 6, 64.3, 1, 0, 586.5
47, 6, 137.6, 0, 0, 585.0
46, 7, 137.6, 0, 0, 583.6
45, 8, 137.6, 0, 0, 582.2
45, 8, 137.6, 0, 0, 580.8
44, 9, 137.6, 0, 0, 579.4
43, 10, 137.6, 0, 0, 578.0
42, 10, 137.6, 0, 0, 576.6
42, 11, 137.6, 0, 0, 575.2
41, 12, 137.6, 0, 0, 573.8
40, 12, 137.6, 0, 0, 572.4
39, 13, 137.6, 0, 0, 571.0
39, 14, 137.6, 0, 0, 569.6
39, 14, 137.6, 1, 0, 568.5
39, 14, 125.9, 1, 0, 567.5
39, 14, 151.8, 1, 0, 566.5
39, 14, 141.4, 1, 0, 565.5
39, 14, 176.3, 1, 0, 564.5
38, 13, 243.9, 0, 0, 563.0
38, 12, 243.9, 0, 0, 561.6
37, 11, 243.9, 0, 0, 560.2
37, 10, 243.9, 0, 0, 558.8
36, 9, 243.9, 0, 0, 557.4
36, 8, 243.9, 0, 0, 556.0
35, 7, 243.9, 0, 0, 554.6
